Inventarnummer;Sammlung;Objektbezeichnung;Titel (Museumsobjekt);Orte zum Objekt;Entstehungszeit;Datierung;Personen zum Objekt;Maße zum Objekt;Textfeld Digitaler Katalog dt.;Beschreibung;Material;Technik;Bildarchivnummer;
GV 1437;Möbel;Stuhl;Stuhl No. 2 aus Kupferdraht und Holz;Herstellungsort: Chicago;um 1890;Ende 19. Jh.;;"Höhe: 86,50 cm/Höhe: 45,00 cm;Sitzhöhe/Durchmesser: 37,00 cm";Die Erfassung dieses Objekts wurde durch die Deutsche Digitale Bibliothek im Rahmen des von der Beauftragten der Bundesregierung für Kultur und Medien (BKM) geförderten Programms NEUSTART KULTUR ermöglicht.;"Stuhl, dessen Beine und Rücklehne aus Kupferdraht bestehen. Markierung auf Unterseite: ""C. H. ANDREWS & CO/CHICAGO/1889"".";Kupferdraht/Holz;oxydiert;"409588; 409589; 409590; 409591";
GV 139;Spielzeug;Becher;Hölzerner Würfelbecher in Form eines Fliegenpilzes;Herstellungsort: Deutschland;Anfang 20. Jahrhundert;Anfang 20. Jh.;;Höhe: 9,20 cm/Durchmesser (Boden): 4,20 cm/Durchmesser: 4,20 cm;Die Erfassung dieses Objekts wurde durch die Deutsche Digitale Bibliothek im Rahmen des von der Beauftragten der Bundesregierung für Kultur und Medien (BKM) geförderten Programms NEUSTART KULTUR ermöglicht.;"Würfelbecher in Form eines Fliegenpilzes. Der Hut ist abschraubbar, der Becher enthält drei Würfel. Schrift auf dem Pilzfuß: ""Doberan"".
";Holz;bemalt;"382958; 382960; 382961; 382962";
GV 1278;Kunsthandwerk;Stock;Stockgriff in Form eines Pferdekopfes mit hölzernem Zaumzeug;Herstellungsort: Paris;vor 1860;Mitte 19. Jh.;Hersteller: Bailainé;Länge: 14,00 cm/Durchmesser: 1,80 cm;Die Erfassung dieses Objekts wurde durch die Deutsche Digitale Bibliothek im Rahmen des von der Beauftragten der Bundesregierung für Kultur und Medien (BKM) geförderten Programms NEUSTART KULTUR ermöglicht.;Stockgriff in der Gestalt eines Pferdekopfes mit hölzernem Zaumzeug. Der Kopf des Pferdes ist aus Elfenbein geschnitzt. ;Elfenbein <Elefant>/Holz;;72396;
GV 1319;Kunsthandwerk;Bilderrahmen;Bilderrahmen mit heraustretenden Renaissanceornamenten;Herstellungsort: Italien;vor 1873;Drittes Viertel 19. Jh.;;"Höhe: 33,00 cm/Länge: 25,00 cm/Höhe (Innenseite): 9,50 cm;Bildgröße/Länge (Innenseite): 7,70 cm;Bildgröße";Die Erfassung dieses Objekts wurde durch die Deutsche Digitale Bibliothek im Rahmen des von der Beauftragten der Bundesregierung für Kultur und Medien (BKM) geförderten Programms NEUSTART KULTUR ermöglicht.;Bilderrahmen dekoriert mit heraustretenden Renaissanceornamenten.;Holz/Glas;geschnitzt;"417000; 417002";
GV 1280;Kunsthandwerk;Falzbein;Falzbein gearbeitet in Gestalt einer Kriegerbüste;Herstellungsort: Frankreich;vor 1841;Erste Hälfte 19. Jh.;;Breite: 3,00 cm/Länge: 35,00 cm/Länge (Griff): 15,00 cm;Die Erfassung dieses Objekts wurde durch die Deutsche Digitale Bibliothek im Rahmen des von der Beauftragten der Bundesregierung für Kultur und Medien (BKM) geförderten Programms NEUSTART KULTUR ermöglicht.;Falzbein mit Griff in Gestalt einer Büste, die einen Krieger darstellt. Unter dem Sockel ist ein Medaillon, umwunden von Lorbeer- und Eichenlaub. Auf der Rückseite Reliefdarstellung: Allegorie des Krieges.;Elfenbein <Elefant>;geschnitzt;"234261; 234265; 395103";
GV 1271;Kunsthandwerk;Tasse mit Untertasse;Tasse mit Untertasse in farbiger Ornamentik;Herstellungsort: Greenpoint N.Y.;vor 1877;Drittes Viertel 19. Jh.;Hersteller: Union Porcelain Works - C. Smith & Sons;"Höhe (Tasse): 12,20 cm/Durchmesser (Untertasse): 17,80 cm;Tasse - Standring/Durchmesser (Tasse): 11,20 cm;mit Henkel/Höhe (Untertasse): 2,80 cm/Durchmesser (Untertasse): 18,00 cm/Höhe (Gesamthöhe): 12,80 cm;Tasse und Untertasse";Die Erfassung dieses Objekts wurde durch die Deutsche Digitale Bibliothek im Rahmen des von der Beauftragten der Bundesregierung für Kultur und Medien (BKM) geförderten Programms NEUSTART KULTUR ermöglicht.;Tasse und Untertasse dekoriert mit Goldrand und farbiger Ornamentik. Den Tassenhenkel bildet eine allegorische Frauenfigur, die vermutlich Amerika darstellt ;Porzellan;"Halbedelstein;teilweise bemalt";"421413; 421419; 421423; 421420; 421414; 421412; 421416; 421421; 421418; 421415; 421411";
GV 1292;Kunsthandwerk;Saucière;Saucière Nr. 1031;Herstellungsort: Charleroi-Jumet;vor 1885;Zweite Hälfte 19. Jh.;Hersteller: Société Anonyme des Verreries Nationales;"Höhe: 11,50 cm;Saucière/Durchmesser (Fuß): 5,50 cm;Saucière/Länge (Öffnung): 13,50 cm;Saucière/Breite (Öffnung): 6,50 cm;Saucière/Länge (Tablett): 19,80 cm/Breite (Tablett): 14,80 cm/Höhe (Gesamthöhe): 17,00 cm";Die Erfassung dieses Objekts wurde durch die Deutsche Digitale Bibliothek im Rahmen des von der Beauftragten der Bundesregierung für Kultur und Medien (BKM) geförderten Programms NEUSTART KULTUR ermöglicht.;Saucière auf einem Tablett mit maurischem Dekor.;"Kristallglas;elfenbeinfarbig";bemalt/golddekoriert;"416298; 416294; 416296; 416292; 416297; 416300; 416303; 416305; 416302; 416306; 416301; 416304; ";
GV 1236;Kunsthandwerk;Schale <Gefäß>;Schale auf Füßen aus Silberblech;Herstellungsort: Russland;vor 1893;Ende 19. Jh.;;Höhe: 8,80 cm/Breite: 26,00 cm/Länge: 35,00 cm;Die Erfassung dieses Objekts wurde durch die Deutsche Digitale Bibliothek im Rahmen des von der Beauftragten der Bundesregierung für Kultur und Medien (BKM) geförderten Programms NEUSTART KULTUR ermöglicht.;Ovale Schale auf vier Füßen, bestehend aus einem als Korb mit eingelegtem Tuch gestalteten Silberblechs.;Silber/Gold;vergoldet;"390665; 390667";
GV 1235;Kunsthandwerk;Schale <Gefäß>;Glasschale mit aufgemaltem Spitzendeckchen;Herstellungsort: Murano;vor 1893;Letztes Viertel 19. Jh.;Hersteller: Società Salviati & Co. (Manufaktur);Höhe: 6,00 cm/Durchmesser: 23,00 cm;Die Erfassung dieses Objekts wurde durch die Deutsche Digitale Bibliothek im Rahmen des von der Beauftragten der Bundesregierung für Kultur und Medien (BKM) geförderten Programms NEUSTART KULTUR ermöglicht.;Schale mit Fuß aus grünem Glas mit Goldrand. In der Schale ist ein weißes Spitzendeckchen mit Emailfarbe aufgemalt. Die Ecken der Decke hängen über dem Schalenrand hinaus.;Glas/Gold;emailliert/bemalt;"390663; 390661; 390662";
GV 1268;Kunsthandwerk;Tintenfass;Tintenzeug mit Drache;Herstellungsort: Berlin <BL>;vor 1896;Ende 19. Jh.;;Höhe: 16,50 cm/Breite: 19,50 cm/Länge: 22,00 cm;Die Erfassung dieses Objekts wurde durch die Deutsche Digitale Bibliothek im Rahmen des von der Beauftragten der Bundesregierung für Kultur und Medien (BKM) geförderten Programms NEUSTART KULTUR ermöglicht.;"Tintenzeug in Drachenform. Ein Drachen hält einen Tintenbehälter, der mit Pflanzenornamenten dekoriert ist.
";"Eisen/Kupfer;Schale und Behälter";Schmiedekunst;"390747; 390748";
GV 1213;Kunsthandwerk;Taschenuhr;Taschenuhr aus Holz in hölzernem Etui;Herstellungsort: Schwarzwald/Fundort/Herkunft: Moskau/Herstellungsort: Russland;vor 1899;Ende 19. Jh.;;"Durchmesser (Zifferblatt): 6,00 cm;Durchmesser Uhr/Höhe (Zifferblatt): 1,50 cm;Höhe Uhr/Länge (Etui): 11,50 cm/Breite (Etui): 9,00 cm/Höhe (Etui): 2,50 cm";Die Erfassung dieses Objekts wurde durch die Deutsche Digitale Bibliothek im Rahmen des von der Beauftragten der Bundesregierung für Kultur und Medien (BKM) geförderten Programms NEUSTART KULTUR ermöglicht.;Taschenuhr ganz aus Holz in einem hölzernen Etui.;Holz;geschnitzt;"67626; 205396; 205390";
GV 1306;Kunsthandwerk;Vase;Gebauchte Vase mit Figuren und Blumen;"Herstellungsort: Böhmen/Herstellungsort: Velké Dvorce <TO>;?";vor 1901;Ende 19. Jh.;Hersteller: Moser & Söhne Glasfabrik;Höhe: 26,00 cm/Durchmesser (Boden): 12,30 cm/Durchmesser (Öffnung): 17,00 cm;Die Erfassung dieses Objekts wurde durch die Deutsche Digitale Bibliothek im Rahmen des von der Beauftragten der Bundesregierung für Kultur und Medien (BKM) geförderten Programms NEUSTART KULTUR ermöglicht.;Gebauchte Vase, dekoriert mit aufgelegten Figuren und Blumen.;"Glas;hellgrün, Dekor aufgelegt";;"414111; 414118; 414117; 414113; 414115; 414116; 414114";
GV 607;Kunsthandwerk;Blumentopf;Blumentopf mit bemalter Winterlandschaft;Herstellungsort: Schramberg <O>;1907;Anfang 20. Jh.;Hersteller: Villeroy & Boch Aktiengesellschaft;Höhe: 6,80 cm/Breite: 8,40 cm/Länge: 8,50 cm/Tiefe: 8,60 cm;Die Erfassung dieses Objekts wurde durch die Deutsche Digitale Bibliothek im Rahmen des von der Beauftragten der Bundesregierung für Kultur und Medien (BKM) geförderten Programms NEUSTART KULTUR ermöglicht.;Viereckiges Blumentöpfchen. Auf den Außenseiten bemalt mit Winterlandschaft mit Figuren im Hintergund.;Fayence;glasiert;"417169; 417173; 417167; 417170; 417168; 417166; 417171; ";
GV 579;Kunsthandwerk;Briefbeschwerer;Briefbeschwerer in Objektform verschiedenster Gegenstände;Herstellungsort: Wien;1859;Mitte 19. Jh.;Hersteller: Kaiserlich-Königliche Wiener Porzellanmanufaktur;Höhe: 5,50 cm/Breite: 11,50 cm/Länge: 14,50 cm;Die Erfassung dieses Objekts wurde durch die Deutsche Digitale Bibliothek im Rahmen des von der Beauftragten der Bundesregierung für Kultur und Medien (BKM) geförderten Programms NEUSTART KULTUR ermöglicht.;Briefbeschwerer in Objektform aus mehreren aufeinanderliegenden Stücken. Darunter rote Brieftasche, dunkelrote Zigarrentasche, blau-rosa-gold gemusterter Geldbeutel, goldene Münzen und brauner Hausschlüssel. ;Porzellan;bemalt;"415897; 415902; 415900; 415898; 415899";
GV 591;Kunsthandwerk;Figur;Statuette in antikisierender Tracht;Herstellungsort: Rödental <Gm>;1907;Anfang 20. Jh.;;Höhe: 19,50 cm/Breite: 5,90 cm/Tiefe: 5,50 cm;Die Erfassung dieses Objekts wurde durch die Deutsche Digitale Bibliothek im Rahmen des von der Beauftragten der Bundesregierung für Kultur und Medien (BKM) geförderten Programms NEUSTART KULTUR ermöglicht.;Porzellanfigur in der Art sizilianischer Terrakotta. Frauengestalt in antikisierender Tracht.;Porzellan;;"416900; 416896; 416894; 416899; 416895; 416893; 416898";
GV 597;Kunsthandwerk;Blumentopf;Jardinière in gefalteter Form mit violetten Blüte;Herstellungsort: B?lá;1905;Anfang 20. Jh.;Hersteller: Dressler Porzellan-,  Majolika- und Fayencefabrik / Entwerfer: Dressler Porzellan-,  Majolika- und Fayencefabrik;Höhe: 19,70 cm/Länge: 20,00 cm/Breite: 20,00 cm/Tiefe: 18,50 cm;Die Erfassung dieses Objekts wurde durch die Deutsche Digitale Bibliothek im Rahmen des von der Beauftragten der Bundesregierung für Kultur und Medien (BKM) geförderten Programms NEUSTART KULTUR ermöglicht.;"Jardinière, sechseckig, in Form eines auseinandergefalteten Behälters.
";Fayence;glasiert;"414283; 414282; 414281; 414278; 414276; 414277";
GV 598;Kunsthandwerk;Vase;Blumenvase im Kartonagenstil;Herstellungsort: B?lá/Aktueller Staatsname: D??ín;1905;Anfang 20. Jh.;Entwerfer: Dressler Porzellan-,  Majolika- und Fayencefabrik/Hersteller: Dressler Porzellan-,  Majolika- und Fayencefabrik;Höhe: 18,70 cm/Durchmesser (Boden): 12,50 cm/Breite: 12,20 cm/Tiefe: 12,20 cm;Die Erfassung dieses Objekts wurde durch die Deutsche Digitale Bibliothek im Rahmen des von der Beauftragten der Bundesregierung für Kultur und Medien (BKM) geförderten Programms NEUSTART KULTUR ermöglicht.;Achtseitige Blumenvase mit brauner und grüner Wandung. Kartonagestil.;Keramik;;"413477; 413475; 413480; 413478; 413479";
GV 602;Kunsthandwerk;Vase;Vase mit scheinbar textiler Oberfläche;"Herstellungsort: Lichte <O>;wahrscheinlich";1907;Anfang 20. Jh.;;Höhe: 11,20 cm/Durchmesser (Boden): 4,00 cm/Durchmesser (Öffnung): 5,50 cm;Die Erfassung dieses Objekts wurde durch die Deutsche Digitale Bibliothek im Rahmen des von der Beauftragten der Bundesregierung für Kultur und Medien (BKM) geförderten Programms NEUSTART KULTUR ermöglicht.;Porzellanvase mit scheinbar textiler Oberfläche, bedruckt mit Schäferliebeszenen.;Porzellan;"bedruckt;farbig bedruckt";416712;
GV 605;Kunsthandwerk;Figur;Statuette Friedrich des Großen;"Herstellungsort: Unterweißbach <Gm>;vermutlich";1907;Anfang 20. Jh.;;Höhe: 18,00 cm/Länge (Sockel): 6,50 cm/Breite (Sockel): 6,50 cm/Breite: 6,30 cm/Tiefe: 6,10 cm;Die Erfassung dieses Objekts wurde durch die Deutsche Digitale Bibliothek im Rahmen des von der Beauftragten der Bundesregierung für Kultur und Medien (BKM) geförderten Programms NEUSTART KULTUR ermöglicht.;Statuette, die Friedrich den Großen darstellt. Dunkelbraun bemaltes Porzellan. Kopf, Hände, Degen und Orden weiß. Imitation von Holz-Elfenbeinarbeit.;Porzellan;bemalt;"416912; 416920; 416913; 416914; 416917; 416916; 416915; ";
GV 609;Kunsthandwerk;Vase;Glasvase mit Palmettenfries und Fischen;Herstellungsort: Böhmen;1907;Anfang 20. Jh.;Hersteller: Gräfliche Harrach´sche Glashütte;Höhe: 11,10 cm/Durchmesser (Boden): 9,50 cm/Durchmesser (Öffnung): 8,60 cm/Durchmesser: 19,00 cm;Die Erfassung dieses Objekts wurde durch die Deutsche Digitale Bibliothek im Rahmen des von der Beauftragten der Bundesregierung für Kultur und Medien (BKM) geförderten Programms NEUSTART KULTUR ermöglicht.;Runde, stark gebauchte Vase. Oben ein rot-goldener Palmettenrankenfries, darunter sind Fische dargestellt.;Glas;geätzt;"414298; 414296; 414292; 414293; 414299; 414297; 414300; 414294; ";
GV 612;Kunsthandwerk;Vase;Vase im Kartonagenstil;"Herstellungsort: Lichte <O>;vermutlich";1907;Anfang 20. Jh.;;Höhe: 8,70 cm/Durchmesser (Öffnung): 3,90 cm/Durchmesser (Boden): 4,60 cm;Die Erfassung dieses Objekts wurde durch die Deutsche Digitale Bibliothek im Rahmen des von der Beauftragten der Bundesregierung für Kultur und Medien (BKM) geförderten Programms NEUSTART KULTUR ermöglicht.;"Ausgebauchte vieleckige Form im Kartonagestil. Grün marmoriert mit Goldrand. Mit Bezeichnung auf dem Boden in Goldschrift ""Marmora"". ";Porzellan/Gold;glasiert;"417828; 417823; 417827; 417830; 417824; 417826; 417829; ";
GV 614;Kunsthandwerk;Dose;Dose mit verfälschter Holzmaserung;Herstellungsort: Deutschland;um 1880;Letztes Viertel 19. Jh.;;Höhe: 5,50 cm/Breite: 8,00 cm/Länge: 10,50 cm;Die Erfassung dieses Objekts wurde durch die Deutsche Digitale Bibliothek im Rahmen des von der Beauftragten der Bundesregierung für Kultur und Medien (BKM) geförderten Programms NEUSTART KULTUR ermöglicht.;Rechteckige Dose mit aufklappbarem Deckel. Auf den Außenseiten ist das Messing so bearbeitet, daß es Holzmaserung vortäuscht.;Messing;gegossen;"421400; 421402; 421409; 421408; 421406; 421410; 421403; 421401; 421405; ";
GV 617;Kunsthandwerk;Brüderleskrug;Dreibrüderkrügel mit reliefierten Blumen-und Fruchtzweigen;Herstellungsort: Deutschland;Ende 18. Jahrhundert;Ende 18. Jh.;;"Höhe: 9,50 cm/Durchmesser (Boden): 4,50 cm;je Krug";Die Erfassung dieses Objekts wurde durch die Deutsche Digitale Bibliothek im Rahmen des von der Beauftragten der Bundesregierung für Kultur und Medien (BKM) geförderten Programms NEUSTART KULTUR ermöglicht.;Drei Krüge sind an den Henkeln miteinander verflochten. Jeder Krug ist dekoriert mit reliefierten Blumen- und Fruchtzweigen sowie Schleifen. In der Mitte befindet sich ein vierter, sehr kleiner Krug.;Keramik;"glasiert;braun glasiert";"390669; 390668";
GV 158 a;Kunsthandwerk;Schmucknadel;Luftschiff als Anstecknadel mit Stuttgarter Wappen;Herstellungsort: Deutschland;1908;Anfang 20. Jh.;;"Länge (Krawattennadel): 4,70 cm;in Form eines Luftschiffs/Höhe (Krawattennadel): 1,30 cm;in Form eines Luftschiffs/Länge (Aufhänger): 9,00 cm;Band/Breite (Aufhänger): 2,10 cm;Band";Die Erfassung dieses Objekts wurde durch die Deutsche Digitale Bibliothek im Rahmen des von der Beauftragten der Bundesregierung für Kultur und Medien (BKM) geförderten Programms NEUSTART KULTUR ermöglicht.;"Anstecknadel in der Form eines Luftschiffs mit der Photographie des Grafen Zeppelin. Daran befestigt ein Band mit der Aufschrift: ""Wir halten ihm die Stange"". Darunter das Stuttgarter Wappen.";"Textilien;Stoffband/Metall;weiß";gepresst;"416207; 416206";
GV 162;Kunsthandwerk;Puppe;Puppe in Gestalt des Grafen Zeppelins;Herstellungsort: Deutschland;1908;Anfang 20. Jh.;;Höhe: 0,20 cm/Durchmesser: 2,90 cm;Die Erfassung dieses Objekts wurde durch die Deutsche Digitale Bibliothek im Rahmen des von der Beauftragten der Bundesregierung für Kultur und Medien (BKM) geförderten Programms NEUSTART KULTUR ermöglicht.;"Puppe in der Gestalt des Grafen Zeppelin. Bekleidet mit einer dunkelblauen Uniform und schwarzen Lederschuhen. Auf dem Schild der Mütze Aufschrift: ""Onkel Zeppelin"".";"Filz/Leder;Schuhe";genäht;"416978; 416974";
GV 621;Kunsthandwerk;Vase;Blumenvase bemalt als Birkenstamm;Herstellungsort: Deutschland;1908;Anfang 20. Jh.;;Höhe: 15,00 cm/Durchmesser: 5,50 cm;Die Erfassung dieses Objekts wurde durch die Deutsche Digitale Bibliothek im Rahmen des von der Beauftragten der Bundesregierung für Kultur und Medien (BKM) geförderten Programms NEUSTART KULTUR ermöglicht.;Zylindrische Blumenvase, bemalt als Birkenstamm.;Glas;"bemalt;mit Ölfarbe";417907;
GV 623;Kunsthandwerk;Aschenbecher;Aschenbecher in Bierkrugform;Herstellungsort: Deutschland;1908;Anfang 20. Jh.;;Höhe: 2,50 cm/Breite: 14,00 cm/Länge: 11,00 cm;Die Erfassung dieses Objekts wurde durch die Deutsche Digitale Bibliothek im Rahmen des von der Beauftragten der Bundesregierung für Kultur und Medien (BKM) geförderten Programms NEUSTART KULTUR ermöglicht.;"Aschenbecher in der Form eines längst durchgeschnittenen, liegenden Bierkrugs. Mit der Aufschrift: ""Wenn deine Frau / Beim Ausgeh´n predigt,/ Nimm sie mit/ Dann ist´s erledigt"".";"Porzellan;weiß/Gold";vergoldet;391001;
GV 624;Kunsthandwerk;Tintenfass;Tintenzeug in Gestalt eines Pferdekopfes;Herstellungsort: Deutschland;1908;Anfang 20. Jh.;;Höhe: 15,90 cm/Breite (Sockel): 13,50 cm/Länge (Sockel): 9,10 cm;Die Erfassung dieses Objekts wurde durch die Deutsche Digitale Bibliothek im Rahmen des von der Beauftragten der Bundesregierung für Kultur und Medien (BKM) geförderten Programms NEUSTART KULTUR ermöglicht.;Tintenzeug in Gestalt eines Pferdekopfes auf Hufeisensockel. Die obere Kopfhälfte lässt sich zurückklappen. Ein Scharnier befindet sich hinten an der Mähne. Im Innern des Kopfes Tintenbehältnis.;"Metall;Eisen ?/Porzellan;weiß";"lackiert;braun lackiert - Bronzeimitation";"416926; 416927; 416921; 416928; 416923; 416930; 416925; 416924; 417716; 417717; ";
GV 71;Kunsthandwerk;Aschenbecher;"Porzellan-Schuh mit Zigarre ""Gruss aus Stuttgart""";Herstellungsort: Stuttgart <O>;Anfang 20. Jahrhundert;Anfang 20. Jh.;;Höhe: 6,00 cm/Länge: 9,60 cm/Breite: 3,60 cm;Die Erfassung dieses Objekts wurde durch die Deutsche Digitale Bibliothek im Rahmen des von der Beauftragten der Bundesregierung für Kultur und Medien (BKM) geförderten Programms NEUSTART KULTUR ermöglicht.;"Aschenbecher in der Form eines Porzellanschuhs. Auf der Schuhspitze Abbildung des Stuttgarter Rathauses. Aufschrift: ""Gruß aus Stuttgart"", darunter ""Neues Rathaus"". Auf der Schuhöffnung liegt quer eine Zigarre.";Porzellan;bedruckt;"421397; 421392; 421396; 421393; 421391; 421398; 421395; 421399; ";
GV 629;Kunsthandwerk;Vase;Weiße Stangenvase auf vier Füßen mit einer güldenen Schleife;Herstellungsort: Deutschland;1909;Anfang 20. Jh.;;Höhe: 20,00 cm/Länge (Fuß): 7,00 cm/Breite (Fuß): 7,00 cm/Länge (Öffnung): 5,00 cm/Breite (Öffnung): 5,00 cm;Die Erfassung dieses Objekts wurde durch die Deutsche Digitale Bibliothek im Rahmen des von der Beauftragten der Bundesregierung für Kultur und Medien (BKM) geförderten Programms NEUSTART KULTUR ermöglicht.;Weiße Stangenvase auf vier Füßen mit einer güldenen Schleife. Die gesamte Außenseite weist eine der Metalltreibarbeit entnommene Dekoration auf, als wäre die Oberfläche gehämmert.;"Steingut/Textilien;gelbes Stoffband";"glasiert;weiß glasiert";"390744; 390670";
GV 195;Kunsthandwerk;Sparbüchse;Sparbüchse in Gestalt des Zeppelingedenksteins;Herstellungsort: Stuttgart <O>;1909;Anfang 20. Jh.;Hersteller: Ostertag-Werke;"Höhe: 13,00 cm;ohne Luftschiff/Höhe: 18,00 cm;mit Luftschiff/Länge: 10,50 cm/Breite: 5,30 cm";Die Erfassung dieses Objekts wurde durch die Deutsche Digitale Bibliothek im Rahmen des von der Beauftragten der Bundesregierung für Kultur und Medien (BKM) geförderten Programms NEUSTART KULTUR ermöglicht.;Sparbüchse in Gestalt des Zeppelingedenksteins in Echterdingen. Auf der Vorderseite Schrift und Kupfertafel mit Brustbild, auf der Rückseite Kupfertafel mit allegorischer Darstellung. Oben Einwurfschlitz und aufgeschraubtes Luftschiff aus Blech.;"Gusseisen/Kupfer;aufgelegtevKupfertafeln/Eisenblech;Luftschiff";;"414309; 414306; 414310; 414301; 414308; 414303; 414302; 414312; 414311; 414304";
GV 635;Kunsthandwerk;Griff;Klingeltaste in Mädchenkopfform;Herstellungsort: Venedig;1905;Anfang 20. Jh.;;Höhe: 8,00 cm/Breite: 10,70 cm;Die Erfassung dieses Objekts wurde durch die Deutsche Digitale Bibliothek im Rahmen des von der Beauftragten der Bundesregierung für Kultur und Medien (BKM) geförderten Programms NEUSTART KULTUR ermöglicht.;Klingeltaste in Form eines Mädchenkopfes. Zwei schwarze Druckknöpfe bilden die Augen.;"Zink;Zinkguß/Holz;Holzfütterung";bronziert;"390672; 390671";
G 9,322;Kunsthandwerk;Bild;Bild aus Fischschuppen;;um 1830;;;Höhe: 23,50 cm/Breite: 26,50 cm/Tiefe: 4,00 cm;;Bild aus Fischschuppen. Darstellung von verschiedenen Blumen und Pflanzen. ;Fischschuppe;;68236;
GV 174;Kunsthandwerk;Brosche;Zeppelin-Brosche in Form eines Kleeblattes;Herstellungsort: Deutschland;1908;Anfang 20. Jh.;;"Durchmesser: 2,70 cm/Durchmesser: 1,30 cm;Fotografie";Die Erfassung dieses Objekts wurde durch die Deutsche Digitale Bibliothek im Rahmen des von der Beauftragten der Bundesregierung für Kultur und Medien (BKM) geförderten Programms NEUSTART KULTUR ermöglicht.;Brosche, in Form eines vierblättrigen Kleeblatts. In der Mitte ein Photo mit dem Portrait des Grafen Zeppelin. ;Metall;gegossen;"205327; 205325";
GV 1279;Kunsthandwerk;Griff;Elfenbeingriff mit Flügel-Dämon und Schlange;Herstellungsort: Frankreich;19. Jahrhundert;19. Jahrhundert;;Durchmesser: 1,60 cm/Länge: 9,80 cm/Breite (Knauf): 5,70 cm;Die Erfassung dieses Objekts wurde durch die Deutsche Digitale Bibliothek im Rahmen des von der Beauftragten der Bundesregierung für Kultur und Medien (BKM) geförderten Programms NEUSTART KULTUR ermöglicht.;Stockgriff mit reliefierter mythologischer Gestalt und Schlange. ;Elfenbein <Elefant>;geschnitzt;"234295; 413081; 234301; 413079; 413083; 413082; 413080; ";
GV 138;Spielzeug;Sparbüchse;Sparbüchse in Form eines Fliegenpilzes;Herstellungsort: Deutschland;Anfang 20. Jahrhundert;Anfang 20. Jh.;;"Höhe: 9,50 cm/Außenmaß (Durchmesser): 7,60 cm;Durchmesser - Hut des Pilzes";Die Erfassung dieses Objekts wurde durch die Deutsche Digitale Bibliothek im Rahmen des von der Beauftragten der Bundesregierung für Kultur und Medien (BKM) geförderten Programms NEUSTART KULTUR ermöglicht.;"Sparbüchse in der Form eines Fliegenpilzes. Auf einem grauen wurzelartigen Fuß sitzt unter dem Pilz ein Zwerg, der in der rechten Hand ein Blechschild hält mit der Aufschrift: ""Gruss aus Doberan"".";Blech;;"387863; 387861; 387862";
GV 1320/G 23292;Kunsthandwerk;Platte <Essgeschirr>;Porzellanplatte mit holzmaserartigen Bemalung;Herstellungsort: München <Gm>;Ende 18. Jahrhundert;18. Jahrhundert;Künstler/in: Simson, Peter / Hersteller: Staatliche Porzellan-Manufaktur Nymphenburg A. Bäuml ;Breite: 27,30 cm/Länge: 40,00 cm;Die Erfassung dieses Objekts wurde durch die Deutsche Digitale Bibliothek im Rahmen des von der Beauftragten der Bundesregierung für Kultur und Medien (BKM) geförderten Programms NEUSTART KULTUR ermöglicht.;"Rokokoplatte, holzmaserartig bemalt mit scheinbar angehefteten Kupferstichen. Darstellung von Landschaften. Preßstempel der Manufaktur auf dem Boden. Auf der großen Kartusche Bezeichnung ""Pet. Simson inv."".";Porzellan;bemalt;378219;
GV 302;Populär- und Alltagskultur;Spiel;"Papierfigur ""Hindenburg"" zum Aufstellen";;um 1915;1910er Jahre;;Höhe: 40,00 cm/Breite: 12,40 cm/Tiefe: 7,50 cm;Die Erfassung dieses Objekts wurde durch die Deutsche Digitale Bibliothek im Rahmen des von der Beauftragten der Bundesregierung für Kultur und Medien (BKM) geförderten Programms NEUSTART KULTUR ermöglicht.;Aufstellfigur mit Porträt von General Hindenburg in Uniform mit Ordensschmuck, die linke Hand auf einen Degen gestützt, um den Hals einen Feldstecher gehängt. ;Pappe/Papier;Chromolithografie/geprägt/gestanzt;"410935; 410936; 410932; 410934";
GV 226;Populär- und Alltagskultur;Bierkrug;Bierkrug in Form eines Rettichs mit dem Kopf Otto von Bismarcks;;2. Hälfte 19. Jahrhundert;;;"Höhe: 16,50 cm/Breite: 9,00 cm/Tiefe: 12,50 cm;mit Henkel/Durchmesser: 7,50 cm;Unterseite";Die Erfassung dieses Objekts wurde durch die Deutsche Digitale Bibliothek im Rahmen des von der Beauftragten der Bundesregierung für Kultur und Medien (BKM) geförderten Programms NEUSTART KULTUR ermöglicht.;Bierkrug mit Deckel in Form eines Rettichs mit dem Kopf Otto von Bismarcks.;Keramik/Metall;bemalt;"68229; 396350; 396345; 396351; 396353; 396347; 396352; 396346; 396348";
GV 222 a-b;Populär- und Alltagskultur;Dose;Dose in Form einer Büste des Kaisers Franz Joseph I. von Österreich;;um 1871;;;Höhe (Gesamthöhe): 10,00 cm/Breite (Gesamtbreite): 9,10 cm/Tiefe: 6,10 cm;Die Erfassung dieses Objekts wurde durch die Deutsche Digitale Bibliothek im Rahmen des von der Beauftragten der Bundesregierung für Kultur und Medien (BKM) geförderten Programms NEUSTART KULTUR ermöglicht.;Porzellandose, bestehend aus der Dosenunterseite (GV 222 a) und dem Deckel (GV 222 b). Die Dose hat die Form einer Büste des österreichischen Kaisers Franz Josephs I. im Krönungsornat und mit Krone.;Porzellan;bemalt;"420484; 420487; 420493; 420492; 420491; 420489; 420488; 420490; 420486";
GV 326;Populär- und Alltagskultur;Dose;"Schuhcremedose ""Deutsche Heldencreme von 1914""";Herstellungsort: Bad Cannstatt <O>;1914;1. Viertel 20. Jahrhundert;Hersteller: Blechdosen- und Plakatfabrik;Höhe: 3,20 cm/Durchmesser: 10,00 cm;Die Erfassung dieses Objekts wurde durch die Deutsche Digitale Bibliothek im Rahmen des von der Beauftragten der Bundesregierung für Kultur und Medien (BKM) geförderten Programms NEUSTART KULTUR ermöglicht.;"Mit der Vermarktungsidee dieser Schuhcremedose ""Deutsche Heldencreme von 1914"" sollte das Nationalgefühl angesprochen werden. Der Kunsthistoriker Gustav Pazaurek (1865-1935) empfand dies als Verballhornung der deutschen Reichsfarben und nahm die Dose in die Anti-Vorbildersammlung des Stuttgarter Landesgewerbemuseums als abschreckendes Beispiel auf. ""Hurra-Kitsch"" oder ""Weltkriegs-Greuel"" waren seine Kategorien zum Einsortieren in seine Systematik schlechten Geschmacks. [Frank Lang]";Blech;Farbdruck;"68233; 412625; 412627; 412626; 412628; 395613; 395615; 395610; 395611; 395612; 395617";
GV 399;Populär- und Alltagskultur;Knochen;"Rindsknochen ""Vogesen""";"Herstellungsort: Frankreich;Vogesen";1916;;;Höhe: 22,50 cm/Breite: 39,00 cm/Tiefe: 6,50 cm;Die Erfassung dieses Objekts wurde durch die Deutsche Digitale Bibliothek im Rahmen des von der Beauftragten der Bundesregierung für Kultur und Medien (BKM) geförderten Programms NEUSTART KULTUR ermöglicht.;Kriegsandenken bestehend aus einem beschriebenen Rindsknochen, auf dem eine Postkarte mit Siegellack befestigt wurde, die einen Soldaten mit einer Fahne vor einem grafisch gestalteten Hintergrund zeigt. ;"Knochen;Rindsknochen/Textilien/Karton";geknotet/Farbdruck/gebohrt;"67610; 67605; 67596; 67595; 412643; 412644; 68273; 68260; ";
GV 456;Populär- und Alltagskultur;Bierkrug;"Bierkrug ""Kathreiner´s Kneipp-Malz-Kaffee""";Verwendungsort: München <O>;um 1900;;;"Höhe: 19,50 cm/Breite: 9,50 cm/Tiefe: 11,50 cm;mit Henkel";Die Erfassung dieses Objekts wurde durch die Deutsche Digitale Bibliothek im Rahmen des von der Beauftragten der Bundesregierung für Kultur und Medien (BKM) geförderten Programms NEUSTART KULTUR ermöglicht.;"Weißer Bierkrug mit Deckel in Form und bemalt bzw. bedruckt als ein Paket Malzkaffee. Mit Aufschrift: 
""Kathreiner's Malzkaffee-Fabriken MÜNCHEN.""";Steingut/Metall;"Farbdruck;?/bemalt;?";"412662; 412667; 412663; 412665; 412664; 65579";
GV 419;Populär- und Alltagskultur;Flasche;Boxbeutelflasche;;;;;Höhe: 21,00 cm/Breite: 15,00 cm/Tiefe: 10,00 cm;Die Erfassung dieses Objekts wurde durch die Deutsche Digitale Bibliothek im Rahmen des von der Beauftragten der Bundesregierung für Kultur und Medien (BKM) geförderten Programms NEUSTART KULTUR ermöglicht.;Boxbeutelflasche mit Verschluss, auf die unteranderem Münzen, Knöpfe, Perlmutterstücke und Spiegelreste angebrachts sind.  Am Hals Porzellanteile eines Pfeifenkopfes mit einem Bild des deutschen Kaiser Wilhelms II und Kaiser Franz-Joseph I.;"Glas/Kork/Wachs/Metall/Perlmutter/Spiegelglas/Keramik/Tierisches Material;Muschel";gepresst/überzogen/geschnitten;"67615; 400502; 400510; 400509; 400507; 400499; 400500; 400506; 400501; 400498;  400505";
GV 571;Populär- und Alltagskultur;Leuchter;Hirschlauf mit montiertem Kerzenhalter;;;;;Höhe: 28,50 cm/Breite: 14,00 cm/Tiefe: 7,20 cm;Die Erfassung dieses Objekts wurde durch die Deutsche Digitale Bibliothek im Rahmen des von der Beauftragten der Bundesregierung für Kultur und Medien (BKM) geförderten Programms NEUSTART KULTUR ermöglicht.;Hirschlauf mit montiertem Kerzenhalter aus Metall. ;Tierisches Material/Metall;;"416307; 416310; 416309; 416315; 416313; 416314; 416311; 416312; 416316";
GV 523;Populär- und Alltagskultur;Portaluhr;Portaluhr mit Pflanzenornamenten;;;;;Höhe: 38,90 cm/Breite: 21,60 cm/Tiefe: 14,20 cm;Die Erfassung dieses Objekts wurde durch die Deutsche Digitale Bibliothek im Rahmen des von der Beauftragten der Bundesregierung für Kultur und Medien (BKM) geförderten Programms NEUSTART KULTUR ermöglicht.;Die Uhr, die unter einem Glassturz stand, hat ein rechteckiges Muschelpostament. Darauf stehen drei kleine weiße Blumentöpfe, aus denen sich Blumenranken emporwinden. Auf den Blumenranken thront das Uhrengehäuse, auf dem wiederum kleine Blumentöpfe mit Blumen stehen.;Metall/Draht/Holz/Papier;bemalt/gepresst/beschichtet/geprägt/beklebt;67617;
GV 533;Populär- und Alltagskultur;Bierkrug;Bierkrug in Form eines Spielzeugwürfels;Herstellungsort: Deutschland;;;;"Höhe: 14,60 cm/Breite: 15,00 cm;mit Henkel/Tiefe: 11,50 cm";Die Erfassung dieses Objekts wurde durch die Deutsche Digitale Bibliothek im Rahmen des von der Beauftragten der Bundesregierung für Kultur und Medien (BKM) geförderten Programms NEUSTART KULTUR ermöglicht.;"Bierkrug aus Steingut mit einem Zinkdeckel in Form eines Würfels. 
";Steingut / Scherben / Weiß/Zink;bemalt;"416031; 416032; 416029; 416035; 416034; 416030; 416033; 416037";
GV 522;Populär- und Alltagskultur;Aschenbecher;Aschenbecher;;;;;Höhe: 6,90 cm/Breite: 12,50 cm/Tiefe: 9,50 cm;Die Erfassung dieses Objekts wurde durch die Deutsche Digitale Bibliothek im Rahmen des von der Beauftragten der Bundesregierung für Kultur und Medien (BKM) geförderten Programms NEUSTART KULTUR ermöglicht.;"Porzellanaschenbecher in Form eines liegenden Mädchens mit umgestülptem Krinolinenrock aus Porzellan.
";Porzellan;bemalt;"410691; 410694; 410693; 410695; 410697; 410689; 410692";
GV 410;Populär- und Alltagskultur;Nadelkissen;Nadelkissen mit einer Gipsfigur eines gefesselten Soldaten mit Stecknadeln;;1914 - 1918;;;Höhe: 8,90 cm/Breite: 12,70 cm/Tiefe: 6,40 cm;Die Erfassung dieses Objekts wurde durch die Deutsche Digitale Bibliothek im Rahmen des von der Beauftragten der Bundesregierung für Kultur und Medien (BKM) geförderten Programms NEUSTART KULTUR ermöglicht.;"Nadelkissen in Form einer Karikatur eines gefesselten deutschen Soldaten aus Gips.
";"Gips/Textilien/Metall;Nadeln";bemalt;"65574; 412649; 412653; 412650";
GV 529 a;Populär- und Alltagskultur;Vase;Vase in Form einer Hand mit Füllhorn;;;;;"Höhe: 22,10 cm/Durchmesser: 8,60 cm;obere Vasenöffnung/Breite: 7,80 cm";Die Erfassung dieses Objekts wurde durch die Deutsche Digitale Bibliothek im Rahmen des von der Beauftragten der Bundesregierung für Kultur und Medien (BKM) geförderten Programms NEUSTART KULTUR ermöglicht.;"Vase aus Glas in Form einer Hand, welche die hornförmige Vase trägt. 
";Glas;bemalt/goldstaffiert;"65576; 411328; 411326; 411321; 411322; 411324; 411327";
GV 550;Populär- und Alltagskultur;Krug;Krug mit Jagdmotiven;;1860 - 1870;;;"Höhe: 22,30 cm/Durchmesser: 19,00 cm;mit Henkel und Ausguss";Die Erfassung dieses Objekts wurde durch die Deutsche Digitale Bibliothek im Rahmen des von der Beauftragten der Bundesregierung für Kultur und Medien (BKM) geförderten Programms NEUSTART KULTUR ermöglicht.;Jagdkrug aus Siderolyth mit reliefierter Darstellung von Bäumen und geschossenem Wild. Sein Henkel hat die Form eines Jagdhundes.Das Objekt täuscht Kupfer vor. ;"Ton;Siderolith";;"65575; 419067; 419068; 419070; 419071; 419069; ";
GV 6;Populär- und Alltagskultur;Bild;"Stellbild ""Abendsegen""";;um 1900;;;Höhe: 19,50 cm/Breite: 24,50 cm;Die Erfassung dieses Objekts wurde durch die Deutsche Digitale Bibliothek im Rahmen des von der Beauftragten der Bundesregierung für Kultur und Medien (BKM) geförderten Programms NEUSTART KULTUR ermöglicht.;"Kleinformatiges Stellbild mit Wiedergabe eines Ausschnitts des populären Gemäldes ""Angelus"" von Jean Francois Millet.";"Celluloid;?/Papier;?/Glas/Zink;?";"bemalt;?/Chromolithografie;?/gerahmt/gegossen/verkupfert;?";"395402; 395397; 395400; 395399; 395404; 395407; 395401; 395406; 395398; 395403";
GV 18;Populär- und Alltagskultur;Postkarte;"Postkarte ""Gruss aus Altötting.""";Herstellungsort: Nürnberg <O>/Verwendungsort: Altötting <O>;um 1910;;;Höhe: 13,50 cm/Breite: 8,80 cm;Die Erfassung dieses Objekts wurde durch die Deutsche Digitale Bibliothek im Rahmen des von der Beauftragten der Bundesregierung für Kultur und Medien (BKM) geförderten Programms NEUSTART KULTUR ermöglicht.;"Bildpostkarte mit Darstellung der Wallfahrtskirche und des Gnadenbildes von Altötting. Darstellung der Altöttinger Madonna auf einer durch Goldpressung. Unter der Glocke befindet sich eine Ansicht mit verschiedenen Kirchen, die wahrscheinlich den Kapellplatz in Altötting zeigt.
";Karton;lithographiert/geprägt;399876;
GV 21;Populär- und Alltagskultur;Postkarte;"Postkarte  ""Herzlichen / Glückwunsch / zur Confirmation.""";;um 1910;;;Höhe: 13,20 cm/Breite: 8,60 cm;Die Erfassung dieses Objekts wurde durch die Deutsche Digitale Bibliothek im Rahmen des von der Beauftragten der Bundesregierung für Kultur und Medien (BKM) geförderten Programms NEUSTART KULTUR ermöglicht.;"Glückwunschkarte zur Konfirmation mit Darstellung eines Konfirmanten mit Schutzengel und Inschrift ""Herzlichen  Glückwunsch  zur Confirmation"". 
";Karton;bedruckt;"418424; 418423";
GV 52;Populär- und Alltagskultur;Weihnachtsschmuck;Christbaumschmuck: Stern mit Engelsdarstellung;;um 1900;;;Höhe: 11,50 cm/Breite: 10,50 cm;Die Erfassung dieses Objekts wurde durch die Deutsche Digitale Bibliothek im Rahmen des von der Beauftragten der Bundesregierung für Kultur und Medien (BKM) geförderten Programms NEUSTART KULTUR ermöglicht.;"Christbaumsschmuck in Form eines 6-zackigen Sterns. Im Zentrum ein Bild mit seitenverkehrter Darstellung eines der populären Raffaelengelchen der Sixtinischen Madonna. 
";"Pappe/Papier/Draht/Blech;?/Metallfolie;?";"Farbdruck/Prägedruck;?/geprägt;?/geklebt";"417791; 417790; 417788";
GV 109;Populär- und Alltagskultur;Postkarte;"Postkarte ""Gruß / aus / Salzburg""";Herstellungsort: Nürnberg <O>/Verwendungsort: Salzburg;1. Viertel 20. Jahrhundert;;Hersteller: Verlag B. Lehrburger;Höhe: 14,00 cm/Breite: 8,70 cm;Die Erfassung dieses Objekts wurde durch die Deutsche Digitale Bibliothek im Rahmen des von der Beauftragten der Bundesregierung für Kultur und Medien (BKM) geförderten Programms NEUSTART KULTUR ermöglicht.;"Postkarte mit der Aufschrift ""Gruß aus Salzburg"". Auf der Vorderseite Rückenansicht eines Mädchen in Lederhosen, das über einen Zaun steigt. Unter dem aufklappbaren Hosenboden befinden sich Miniatur-Ansichten der Stadt Salzburg. Darüber der Text ""Öffne mei Hos'n (...)"". 
";Karton/Papier;"Rasterfarbdruck;?/Lichtdruck";"420525; 420526";
GV 111;Populär- und Alltagskultur;Postkarte;"Postkarte ""Gruss / vom / Vierwaldstättersee""";Verwendungsort: Schweiz;um 1900;;;Höhe: 10,00 cm/Breite: 25,30 cm;Die Erfassung dieses Objekts wurde durch die Deutsche Digitale Bibliothek im Rahmen des von der Beauftragten der Bundesregierung für Kultur und Medien (BKM) geförderten Programms NEUSTART KULTUR ermöglicht.;"Postkarte in Form einer Bergstiefelsohle mit einer aufgeklebten Vignette, die ein Gebäude am Vierwaldstätter See zeigt. Mit der Aufschrift  ""Gruss vom Vierwaldstättersee"".
";Karton;Prägedruck/Chromolithografie/geklebt;420470;
GV 112;Populär- und Alltagskultur;Wandschmuck;"Materialbild ""Blick in eine Bauernstube""";"Herstellungsort: Schweiz;? Meyringen bzw. Meiringen";1. Viertel 20. Jahrhundert;1. Viertel 20. Jahrhundert;"Hersteller: Verlag Chr. Brennenstuhl;Hersteller der Postkarte";Höhe: 26,50 cm/Breite: 26,60 cm/Tiefe: 3,30 cm;Die Erfassung dieses Objekts wurde durch die Deutsche Digitale Bibliothek im Rahmen des von der Beauftragten der Bundesregierung für Kultur und Medien (BKM) geförderten Programms NEUSTART KULTUR ermöglicht.;"Materialbild mit perspektivische Sicht in eine idealtypischen Berghütte mit Bank, Tisch und Feuerstelle. An der Stelle des Fensters befindet sich eine eingelegte Postkarte, die Schnee schaufelnde Bauern zeigt.
";"Holz/Karton;Postkarte/Metall/Pappe;Rückwand";geschnitzt/gebeizt/bemalt/Chromolithografie/gesägt;"396289; 396286; 396288; 396284; 396283; 396285; 396290";
GV 145;Populär- und Alltagskultur;Postkarte;"Klappbare Postkarte: ""Dr. Ing. Graf Zeppelin""";Herstellungsort: Hamburg <O>;um 1910;;Hersteller: Alfred Schweizer Kunstverlag;"Höhe: 8,70 cm;Karte im 90 Grad-Winkel aufgeklappt/Breite: 13,80 cm/Tiefe: 9,50 cm";Die Erfassung dieses Objekts wurde durch die Deutsche Digitale Bibliothek im Rahmen des von der Beauftragten der Bundesregierung für Kultur und Medien (BKM) geförderten Programms NEUSTART KULTUR ermöglicht.;"Klappbare Postkarte mit Zeppelinmotiven und gereimtem Vierzeiler: ""Was Jahrhunderte hoffend erstrebt (...)"". 
";Karton;Lichtdruck/Chromolithografie/geklebt;"395431; 395428; 395429; 395425; 395423; 395426; 395436; 395427; 395433; 395432; 395430; 395434; 395424; 395435";
GV 188 d;Populär- und Alltagskultur;Postkarte;"Postkarte ""Beweist's doch hier der / Augenschein, (...)""";Herstellungsort: Deutschland;Anfang 20. Jahrhundert;;Hersteller: A. S. i. B.;Höhe: 13,80 cm/Breite: 9,20 cm;Die Erfassung dieses Objekts wurde durch die Deutsche Digitale Bibliothek im Rahmen des von der Beauftragten der Bundesregierung für Kultur und Medien (BKM) geförderten Programms NEUSTART KULTUR ermöglicht.;"Bildpostkarte mit Zeppelinmotiv und gereimtem Zweizeiler. Darstellung eines Luftschiffs mit aufgeklebter Lithographie und Schafweid. Luftschiff fliegt über eine Mauer, während ein Junge, der mit einem Matrosenanzug bekleidet ist, auf die Mauer uriniert. Zweizeiler auf der Vorderseite: ""Beweist's doch hier der // Augenschein, // Luftschiffer gibt es // gross und klein!"".
";Karton;Chromolithografie;"412511; 418500";
GV 194;Populär- und Alltagskultur;Postkarte;"Postkarte ""In der Luft bei Wurst und Bier, (...)""";Herstellungsort: Deutschland;Anfang 20. Jahrhundert;;Hersteller: MLM;Höhe: 13,90 cm/Breite: 8,90 cm;Die Erfassung dieses Objekts wurde durch die Deutsche Digitale Bibliothek im Rahmen des von der Beauftragten der Bundesregierung für Kultur und Medien (BKM) geförderten Programms NEUSTART KULTUR ermöglicht.;"Bildpostkarte mit Zeppelinmotiv und gereimtem Zweizeiler. Luftschiff in Form einer Wurst. In der Wurst steckt eine Gabel, die Verbindungsseile zwischen Zeppelin und Zeppelingondel sind mit Maßkrügen dekoriert. Die Gondel selbst hat die Form eines Bierfasses und ist mit Radis und aufgereihten Würstchen dekoriert. Im Fass sitzt ein Mann, der dabei ist aus einem Maßkrug zu trinken. 
";Karton;"Farbdruck/Chromolithografie;?";"412512; 412514";
GV 197;Populär- und Alltagskultur;Kalender;Wand-Abreißkalender mit Zeppelinkarikatur;Herstellungsort: London/Herstellungsort: Berlin <O>;um 1910;;Hersteller: Raphael Tuck & Sons;Höhe: 19,10 cm/Breite: 25,50 cm;Die Erfassung dieses Objekts wurde durch die Deutsche Digitale Bibliothek im Rahmen des von der Beauftragten der Bundesregierung für Kultur und Medien (BKM) geförderten Programms NEUSTART KULTUR ermöglicht.;"Wand-Abreißkalender auf das Jahr 1911 mit figürlicher Rückwand in Form und Zeichnung eines runden Vollmondgesichts.  Seine geschlossen-runde Kontur sprengt ein Zeppelin, der im Steigflug von rechts nach links das rechte Mondauge durchbohrt.
";"Holz/Papier/Weißblech;Montierung des Kalenderblocks/Eisendraht;Montierung des Kalenderblocks";beklebt/bemalt/Chromolithografie/bedruckt;"65564; 412516; 420536; 420537; 420540";
GV 208 c;Populär- und Alltagskultur;Postkarte;"Postkarte ""Wertheim in der Zukunft""";Herstellungsort: Wertheim <Gm>;um 1910;;Hersteller: Peter Duffhaus;Höhe: 13,90 cm/Breite: 8,70 cm;Die Erfassung dieses Objekts wurde durch die Deutsche Digitale Bibliothek im Rahmen des von der Beauftragten der Bundesregierung für Kultur und Medien (BKM) geförderten Programms NEUSTART KULTUR ermöglicht.;"Bildpostkarte mit fotografischer Ansicht der Stadt Wertheim und Zeppelinmotiv. Aus der Stadt führt im Bereich des rechten Bildrands eine Leiter nach oben. Sie endet an einer bahnsteigartigen Plattform im Himmel. Auf der Anschriftenseite beigedruckter Herstellernachweis mit Ortsangabe ""Wertheim"".
";Karton;bedruckt/handkoloriert;"412531; 420524";
GV 209.1;Populär- und Alltagskultur;Postkarte;"Postkarte ""Glückliches / Neujahr!""";Herstellungsort: Wien;Anfang 20. Jahrhundert;;Hersteller: Munk, M.;Höhe: 9,00 cm/Breite: 13,70 cm;Die Erfassung dieses Objekts wurde durch die Deutsche Digitale Bibliothek im Rahmen des von der Beauftragten der Bundesregierung für Kultur und Medien (BKM) geförderten Programms NEUSTART KULTUR ermöglicht.;"Bildpostkarte mit Darstellung eines zeppelinförmigen Glückschweins und Aufschrift ""Glückliches // Neujahr !"".
";Karton;Farbdruck;"412529; 412532";
GV 209.4;Populär- und Alltagskultur;Postkarte;"Postkarte ""Willst Deiner Frau Du Freud erweisen (...)""";Herstellungsort: Deutschland;Anfang 20. Jahrhundert;;Hersteller: Munk, M.;Höhe: 13,90 cm/Breite: 9,00 cm;Die Erfassung dieses Objekts wurde durch die Deutsche Digitale Bibliothek im Rahmen des von der Beauftragten der Bundesregierung für Kultur und Medien (BKM) geförderten Programms NEUSTART KULTUR ermöglicht.;"Scherzpostkarte mit Zeppelinmotiv und Aufschrift: ""Willst Deiner Frau Du Freud  erweisen,  Kannst Du vom Luftschiff auf sie ...."". Gezeigt wird ein fliegendes Luftschiff, dessen Grundgerüst ein übergroßer Schlüssel bildet. Die Gondel hat die Form eines Na";Karton;Farbdruck;"412534; 418619";
GV 209.5;Populär- und Alltagskultur;Postkarte;"Postkarte ""So ein 'Waldi' ist ein heller (...)""";;um 1910;;Hersteller: CA;Höhe: 14,00 cm/Breite: 8,90 cm;Die Erfassung dieses Objekts wurde durch die Deutsche Digitale Bibliothek im Rahmen des von der Beauftragten der Bundesregierung für Kultur und Medien (BKM) geförderten Programms NEUSTART KULTUR ermöglicht.;"Scherzpostkarte mit Zeppelinmotiv und gereimter Aufschrift : """"So ein ""Waldi"" ist ein heller;  Treibt mit dem Schweiferl den Propeller."" Zeppelingondel in Form eines Gestells mit eingelegtem Hund der mit dem Schwanz die Kurbel des Antriebspropellers dreht";Karton;Farbdruck;"412535; 412536";
GV 563;Populär- und Alltagskultur;Pokal;Vereinspokal in Form eines Trink-Stiefels;Verwendungsort: Heilbronn <O>;1887;;;"Höhe: 48,00 cm;mit Deckel/Breite: 27,00 cm/Durchmesser: 12,70 cm";Die Erfassung dieses Objekts wurde durch die Deutsche Digitale Bibliothek im Rahmen des von der Beauftragten der Bundesregierung für Kultur und Medien (BKM) geförderten Programms NEUSTART KULTUR ermöglicht.;"Vereinspokal in Form eines Trinkstiefels aus grünem Glas mit Metallsporen. Der Stiefel hat die Form eines barocken Reitstiefels. Deckelrand mit umlaufender gravierter Inschrift ""Gauverband Württemberg Heilbronn 1887"" ";Glas/Metall;"formgeblasen/Mattschliff/versilbert;? Deckel und Beinrand";"412689; 412692; 412690; 412691; 412687; 412688";
GV 434;Populär- und Alltagskultur;Halterung;Kalenderhalter mit dem Foto eines Mädchenkopfes;;Erstes Viertel 20. Jahrhundert;;;Höhe: 29,10 cm/Breite: 9,60 cm/Tiefe: 1,20 cm;Die Erfassung dieses Objekts wurde durch die Deutsche Digitale Bibliothek im Rahmen des von der Beauftragten der Bundesregierung für Kultur und Medien (BKM) geförderten Programms NEUSTART KULTUR ermöglicht.;"Kalenderhalter mit Foto eines Mädchenkopfes mit angeklebten brauen, lockigen Haaren und weißen Perlenohrringen. Auf der Rückseite befindet sich eine persönliche Widmung in Französisch.
";Karton/Textilien/Haar;bedruckt/geklebt;"407994; 407996; 407995; 407993; 407997";
GV 460;Populär- und Alltagskultur;Hygieneartikel;"Toilettenpapierrolle ""Endlich allein""";;1. Viertel 20. Jahrhundert;;;Höhe: 12,00 cm/Durchmesser: 10,40 cm;Die Erfassung dieses Objekts wurde durch die Deutsche Digitale Bibliothek im Rahmen des von der Beauftragten der Bundesregierung für Kultur und Medien (BKM) geförderten Programms NEUSTART KULTUR ermöglicht.;"Klopapierrolle mit Papierbanderole, darauf grauer  Aufdruck: ""Endlich allein"" und monochromes Muster. 
";Papier/Pappe;"Farbdruck;Banderole";269369;
GV 497;Populär- und Alltagskultur;Nadelkissen;Nadelkissen in Form eines Esels;Verwendungsort: Eisenach <O>;Erstes Viertel 20. Jahrhundert;;;Höhe: 5,40 cm/Breite: 5,90 cm/Tiefe: 1,60 cm;Die Erfassung dieses Objekts wurde durch die Deutsche Digitale Bibliothek im Rahmen des von der Beauftragten der Bundesregierung für Kultur und Medien (BKM) geförderten Programms NEUSTART KULTUR ermöglicht.;Eselfigur mit blauem Stoffbezug auf dem Rücken als Nadelkissen.;Weißblech/Textilien;versilbert;"415872; 415875; 41587; 415874; 415873; 415870; 415871";
GV 100 a-b;Populär- und Alltagskultur;Vase;Vasen in Form eines Burgturms;;um 1900;;;"Höhe: 12,50 cm;einer Vase, beide Vasen identisch/Durchmesser: 5,00 cm";Die Erfassung dieses Objekts wurde durch die Deutsche Digitale Bibliothek im Rahmen des von der Beauftragten der Bundesregierung für Kultur und Medien (BKM) geförderten Programms NEUSTART KULTUR ermöglicht.;Zwei kleine Porzellanvasen, die die Form eines Ritterturms haben. ;Porzellan;gegossen/Unterglasurbemalung;"412480; 412481; 412482; 412483; ";
GV 101;Populär- und Alltagskultur;Vase;Vase in Form einer Schlossruine;;um 1900;;;Höhe: 9,90 cm/Breite: 8,50 cm/Tiefe: 4,30 cm;Die Erfassung dieses Objekts wurde durch die Deutsche Digitale Bibliothek im Rahmen des von der Beauftragten der Bundesregierung für Kultur und Medien (BKM) geförderten Programms NEUSTART KULTUR ermöglicht.;Kleine Vase in Form einer Schlossruine. ;Porzellan;gegossen/Unterglasurbemalung;"413487; 413488; 413485; 413483; 413482; 413484; 413481";
GV 102;Populär- und Alltagskultur;Gegenstand <Andenken>;"Reiseandenken ""Souvenir / de Rio""";"Herstellungsort: Brasilien;?/Herstellungsort: Deutschland;?/Verwendungsort: Rio de Janeiro;?";vor 1896 (?);;Hersteller: Henry Walder;Höhe: 14,30 cm/Breite: 17,20 cm/Tiefe: 9,50 cm;Die Erfassung dieses Objekts wurde durch die Deutsche Digitale Bibliothek im Rahmen des von der Beauftragten der Bundesregierung für Kultur und Medien (BKM) geförderten Programms NEUSTART KULTUR ermöglicht.;"Montage eines Segelschiffchens, unteranderem aus Holz und Muscheln. Innenseite mit der Ansicht der Hafeneinfahrt von Rio bemalt ist. Auf der Rückseite mitd er Inschrift ""Souvenir de Rio"". ";"Kürbis;?/Eierschale;?/Muschel/Bergkristall/Holz";bemalt/beklebt;"410563; 410567; 410561; 410559; 410565; 410564; 410562; 410557; 41055; 410560";
GV 108;Populär- und Alltagskultur;Milchkännchen;"Milchkanne ""Gruss aus Reutlingen / Lichtenstein""";Verwendungsort: Reutlingen <O>;1. Viertel 20. Jahrhundert;;;Höhe: 10,00 cm/Breite: 16,50 cm/Tiefe: 5,00 cm;Die Erfassung dieses Objekts wurde durch die Deutsche Digitale Bibliothek im Rahmen des von der Beauftragten der Bundesregierung für Kultur und Medien (BKM) geförderten Programms NEUSTART KULTUR ermöglicht.;Porzellanmilchkanne in Form einer braun-weißen Kuh. Auf einer Seite befindet sich ein Umdruckbild mit einer Ansicht der Burg Lichtenstein. Um den Hals ein Glöckchen ein Textilband mit floralem Dekor.;"Porzellan/Textilien/Messing;Glocke";gegossen/Aufglasurmalerei/Umdruck/koloriert;"402684; 402688; 402683; 402681; 402680; 402686; 402687; 402682; ";
GV 114;Populär- und Alltagskultur;Zündholzschachtel;Zündholzschachtel mit plastischer Mozartdarstellung;Verwendungsort: Salzburg;1. Viertel 20. Jahrhundert;;;"Höhe: 1,80 cm;Schachtel liegend und geschlossen/Breite: 5,70 cm/Tiefe: 3,60 cm";Die Erfassung dieses Objekts wurde durch die Deutsche Digitale Bibliothek im Rahmen des von der Beauftragten der Bundesregierung für Kultur und Medien (BKM) geförderten Programms NEUSTART KULTUR ermöglicht.;"Zündholzschachtel, darin eine kleine plastische Darstellung von Mozart in einem Raum, der an einem Flügel sitzt. Auf der Schauseite zweifarbig bedrucktes Etikett in den Farben Weiß, Grün und Gold. Darauf der Markenname ""THE GAZELLE // SAFETY MATCHES"" sowi";"Spanholz;Schachtel/Buntpapier;Schachtel/Papier;Etikett und Einrichtung";"kaschiert/bedruckt;grün und gold/geklebt/bemalt";"412484; 412487; 412485; ";
GV 117;Populär- und Alltagskultur;Schmucknadel;Anstecknadel in Form eines geschlossenen Schirms;;um 1900;;;"Höhe: 7,00 cm/Breite: 1,50 cm/Höhe: 24,00 cm;Tafel/Breite: 22,00 cm;Tafel";Die Erfassung dieses Objekts wurde durch die Deutsche Digitale Bibliothek im Rahmen des von der Beauftragten der Bundesregierung für Kultur und Medien (BKM) geförderten Programms NEUSTART KULTUR ermöglicht.;Anstecknadel in Form eines zugeklapptem Filigranregenschirms.;"Metall/Draht/Pappe;Tafel/Textilien;Tafel/Papier;Tafel";versilbert;"412486; 412489; 412488; ";
GV 123;Populär- und Alltagskultur;Schmuck;Anstecknadel in Form einer Frauenhand;;um 1900;;;"Höhe: 3,50 cm/Breite: 5,20 cm/Höhe: 24,00 cm;Tafel/Breite: 22,00 cm;Tafel";Die Erfassung dieses Objekts wurde durch die Deutsche Digitale Bibliothek im Rahmen des von der Beauftragten der Bundesregierung für Kultur und Medien (BKM) geförderten Programms NEUSTART KULTUR ermöglicht.;"Anstecknadel in Form einer behanschuhten weiblichen Hand mit Fingerring und anhängender Manschette. Der Fingerring sitzt am kleinen Finger und ist mit einem türkisfarbenen Schmuckstein dekoriert
";"Silberblech/*Schmuckstein/Glas;? Stein";"graviert/emailliert;?";"412493; 412489; 412488";
GV 124;Populär- und Alltagskultur;Schmuck;Anstecknadel in Form eines Esels;;um 1900;;;"Höhe: 5,00 cm/Breite: 3,70 cm/Höhe: 24,00 cm;Tafel/Breite: 22,00 cm;Tafel";Die Erfassung dieses Objekts wurde durch die Deutsche Digitale Bibliothek im Rahmen des von der Beauftragten der Bundesregierung für Kultur und Medien (BKM) geförderten Programms NEUSTART KULTUR ermöglicht.;"Anhänger in Form eines  in der Körpermitte aufgehängten Esels. Auf dem Band in erhabenen Prägebuchstaben die Inschrift ""GRAZIA 1574"". ";"Metall/Messing;?";"gegossen/verchromt/vergoldet;?";"412496; 412489; 412488";
GV 13;Populär- und Alltagskultur;Bild;Materialbild mit Kruzifix und Kunstblumen;;Mitte 19. Jahrhundert bis Anfang 20. Jahrhundert;;;Höhe: 33,50 cm/Breite: 30,80 cm/Tiefe: 4,00 cm;Die Erfassung dieses Objekts wurde durch die Deutsche Digitale Bibliothek im Rahmen des von der Beauftragten der Bundesregierung für Kultur und Medien (BKM) geförderten Programms NEUSTART KULTUR ermöglicht.;Kleines Metallkruzifixus in herzförmigen Goldmetallspitzen. Posamentenarbeit, auf dunkelrotem Samt montiert. ;"Metall;?/Silber;?/Messingdraht;?/Samt/Karton";"geschmiedet;Kruzifix/versilbert;?/montiert";"418484; 418485; 418482";
GV 130 a-b;Populär- und Alltagskultur;Schmuck;Ein Paar Ohrhänger in Form von Holzpantinen;;2. Hälfte 19. Jahrhundert;;;"Höhe: 4,20 cm;ein Ohrring/Breite: 1,10 cm;ein Ohrring/Tiefe: 1,10 cm;ein Ohrring/Höhe: 24,00 cm;Tafel/Breite: 22,00 cm;Tafel";Die Erfassung dieses Objekts wurde durch die Deutsche Digitale Bibliothek im Rahmen des von der Beauftragten der Bundesregierung für Kultur und Medien (BKM) geförderten Programms NEUSTART KULTUR ermöglicht.;Ein Paar Ohrgehänge in Form von Holzpantinen. Der Korpus der Pantinen ist aus Bein oder Elfenbein gearbeitet und mit einer Montierung aus vergoldetem Silber gefasst. Der Riemen über den Spann ist mit einer Reihe von fünf smaragdgrünen Schmucksteinen besetzt.;"Bein <Werkstoff>;?/Elfenbein <Elefant>;?/Silber/*Schmuckstein";geschnitzt/vergoldet;"412501; 412489; 412488";
GV 15;Populär- und Alltagskultur;Figur;Madonnenfigur;;um 1900;;;Höhe: 10,00 cm/Breite: 3,50 cm/Tiefe: 3,00 cm;Die Erfassung dieses Objekts wurde durch die Deutsche Digitale Bibliothek im Rahmen des von der Beauftragten der Bundesregierung für Kultur und Medien (BKM) geförderten Programms NEUSTART KULTUR ermöglicht.;"Madonna aus weißem Porzellan, unteranderem blau und gold staffiert.
";Biskuitporzellan;gegossen/bemalt;"396247; 396243; 396245; 396248; 396241; 396240; 396244; 396239";
GV 199 a-e;Populär- und Alltagskultur;Tafelgerät;Menage in Form eines Zeppelins;"Verwendungsort: Königswinter <O>;Drachenfelsen";1909;;;"Höhe: 7,00 cm;Maße Gesamtobjekt/Breite: 17,50 cm/Tiefe: 4,50 cm";Die Erfassung dieses Objekts wurde durch die Deutsche Digitale Bibliothek im Rahmen des von der Beauftragten der Bundesregierung für Kultur und Medien (BKM) geförderten Programms NEUSTART KULTUR ermöglicht.;"Menage in Form eines Zeppelins mit drei Einsätzen für Salz, Pfeffer und Senf.  Mit Ansicht von ""Königswinter u. Drachenfels"".
";Porzellan;Lüster/goldstaffiert/Umdruckverfahren/koloriert;"65569; 420557; 420556; 420554; 420545; 420548; 420547; 420550; 420549; 420552; 420553; 420555; 420551; 420543; 420544; 420541; 420542";
GV 211;Populär- und Alltagskultur;Tuch;"Taschentuch ""ZEPPELIN""";;um 1910;;;Höhe: 34,50 cm/Breite: 37,20 cm;Die Erfassung dieses Objekts wurde durch die Deutsche Digitale Bibliothek im Rahmen des von der Beauftragten der Bundesregierung für Kultur und Medien (BKM) geförderten Programms NEUSTART KULTUR ermöglicht.;"Querrechteckiges Schnupf- oder Ziertuch mit mehrfarbigem Zeppelin-Druckdekor.  Die Detailansichten zeigen eine Luftschiffgondel mit Besatzung - darunter Graf und Gräfin Zeppelin -, einen Hangar mit ein- oder ausfahrendem Luftschiff sowie ein lorbeerumkränztes Porträt des Grafen Zeppelin.
";Baumwollgewebe;"Farbdruck/Umdruckverfahren;?";"396321; 396320; 396325; 396324";
GV 220;Populär- und Alltagskultur;Rauchutensilie;Pfeifenkopf in Form eines Porträts Wilhelms I. von Preussen;;3. Drittel 19. Jahrhundert;;;Höhe: 5,50 cm/Breite: 3,00 cm/Tiefe: 5,40 cm;Die Erfassung dieses Objekts wurde durch die Deutsche Digitale Bibliothek im Rahmen des von der Beauftragten der Bundesregierung für Kultur und Medien (BKM) geförderten Programms NEUSTART KULTUR ermöglicht.;"Pfeifenkopf in Form einer Büste, vermutlich von Kaiser Wilhelm I. 
";"Meerschaum;?/Celluloid;?/Kork;?";geschnitten;"412544; 412547; 412546";
GV 237.1;Populär- und Alltagskultur;Flasche;"Schnupftabaksflasche ""v. Hindenburg""";;um 1900;;;Höhe: 8,30 cm/Breite: 5,00 cm/Tiefe: 3,20 cm;Die Erfassung dieses Objekts wurde durch die Deutsche Digitale Bibliothek im Rahmen des von der Beauftragten der Bundesregierung für Kultur und Medien (BKM) geförderten Programms NEUSTART KULTUR ermöglicht.;"Eines von zwei Schnupftabaksflaschen in Form eines Porträts (Hüftbilds) Paul von Hindenburgs in Uniform.
";Steingut/Kork/Holz;geformt/glasiert/geschnitten/geschnitzt;"412554; 412557; 412553; 412555";
GV 25;Populär- und Alltagskultur;Ziergegenstand;Zierteller mit Engel;"Herstellungsort: Schlesien;Waldenburg-Altwasser/Herstellungsort: Russland;? alte Karteikarte";Ende 19. Jahrhundert;;Hersteller: Porzellanmanufaktur Tielsch & Co.;Höhe: 3,50 cm/Durchmesser: 20,00 cm;Die Erfassung dieses Objekts wurde durch die Deutsche Digitale Bibliothek im Rahmen des von der Beauftragten der Bundesregierung für Kultur und Medien (BKM) geförderten Programms NEUSTART KULTUR ermöglicht.;"Runder Porzellanteller; durchbrochen mit Goldkontur; im Fond Engel mit Pfeil. Das reliefierte und goldstaffierte Dekor der Fahne zeigt stilisiertes Rankenwerk.
";Porzellan;durchbrochen/bemalt/goldstaffiert;"416826; 416830; 416832; 416829; 416828";
GV 253;Populär- und Alltagskultur;Vase;Vase;;Anfang 20. Jahrhundert;;;"Höhe: 15,00 cm/Durchmesser: 9,30 cm;oberer Rand";Die Erfassung dieses Objekts wurde durch die Deutsche Digitale Bibliothek im Rahmen des von der Beauftragten der Bundesregierung für Kultur und Medien (BKM) geförderten Programms NEUSTART KULTUR ermöglicht.;Eine Vase in Form eines Porträts Otto von Bismarcks (Kopfstück) aus Beinglas. Die Vase ist  nach oben rosa getönt. ;"Beinglas/Milchglas;Imitat";;"416227; 416228; 416229; 416231; 416224; 416226; 416230; 268995";
GV 259 a-b;Populär- und Alltagskultur;Rauchutensilie;Tabakspfeife mit einem Pfeifenkopf in Form einer Porträtbüste Kaiser Wilhelms II.;;1. Viertel 20. Jahrhundert;;;"Länge: 20,90 cm/Höhe: 6,10 cm/Durchmesser: 3,80 cm;Pfeifenkopf";Die Erfassung dieses Objekts wurde durch die Deutsche Digitale Bibliothek im Rahmen des von der Beauftragten der Bundesregierung für Kultur und Medien (BKM) geförderten Programms NEUSTART KULTUR ermöglicht.;Mehrteilige Tabakspfeife, bestehend aus Pfeifenkopf (GV 259 a) und Pfeifenrohr einschließlich Mundstück und Sicherungsschnur (GV 259 b). Der Pfeifenkopf hat die Form einer Büste des deutschen Kaisers Wilhelm II.;"Steinzeug;? Pfeifenkopf/Ton <Geologie>;? Pfeifenkopf/Haselnussholz;Rohr/Horn;Mundstück/Kork;Dichtung/Textilien;Sicherungsschnur";"gemodelt;?/gegossen;?";"412573; 412572";
GV 26 a-b;Populär- und Alltagskultur;Trinkgefäß;Sammeltasse und Untertasse mit einer Engelsdarstellung;Herstellungsort: Berlin <O>;Mitte 19. Jahrhundert;;Hersteller: KPM Königliche Porzellan-Manufaktur Berlin;"Höhe (Untertasse): 2,90 cm/Durchmesser (Untertasse): 16,00 cm/Durchmesser (Tasse): 12,00 cm;mit Henkel/Höhe (Tasse): 11,00 cm";Die Erfassung dieses Objekts wurde durch die Deutsche Digitale Bibliothek im Rahmen des von der Beauftragten der Bundesregierung für Kultur und Medien (BKM) geförderten Programms NEUSTART KULTUR ermöglicht.;Klassizistische Sammeltasse (GV 26 a) mit Untertasse (GV 26 b) der Königlichen Porzellanmanufaktur Berlin. Die Tasse ist von zylindrischer Grundform. Abgebildet ist die Adaption eines der populären Raffaelengelchen der Sixtinischen Madonna.;Porzellan;bemalt/vergoldet;"417116; 417117; 417108; 417113; 417114; 417115; 417110; 417119; 417118; 417111; 417112";
GV 279;Populär- und Alltagskultur;Schale <Gefäß>;Porzellanschale mit Porträt Paul von Hindenburgs;;um 1915;;;"Höhe: 5,00 cm/Durchmesser: 19,50 cm;Schalenoberseite";Die Erfassung dieses Objekts wurde durch die Deutsche Digitale Bibliothek im Rahmen des von der Beauftragten der Bundesregierung für Kultur und Medien (BKM) geförderten Programms NEUSTART KULTUR ermöglicht.;"Porzellanschale mit durchbrochenem Rand und schwarz, weiß und roter Bandbemalung. Im Spiegel Porträt Hindenburgs in militärischem Ornat mit großer Ordensspange, eingefasst von einem Kranz aus Lorbeer- und Eichenlaub. 
";Porzellan;Umdruckverfahren/bemalt/goldstaffiert;"395534; 395537; 395539; 395535; 395538; 395533";
GV 312 a;Populär- und Alltagskultur;Ziergegenstand;Osterei zum Aufhängen mit Porträt Paul von Hindenburgs;;1914;;;Höhe: 11,10 cm/Breite: 6,80 cm/Tiefe: 6,60 cm;Die Erfassung dieses Objekts wurde durch die Deutsche Digitale Bibliothek im Rahmen des von der Beauftragten der Bundesregierung für Kultur und Medien (BKM) geförderten Programms NEUSTART KULTUR ermöglicht.;"Ein Osterei aus Pappe zum Aufhängen. Das mit schwarz-weiß-rot gestreiftem Papier beklebte Ei lässt sich öffnen, ist innen mit gemustertem Papier, das golden bedruckt wurde, beklebt. Auf dem Deckel befindet sich ein Porträt Paul von Hindenburgs, das von goldenem Eichenlaub umrahmt wird. 
";Pappe/Buntpapier/Papier/Faden;beklebt/gewachst/geprägt/geklebt;"400261; 400259; 400257; 400258; 400253; 400252; 400256; 400254; 400255";
GV 313;Populär- und Alltagskultur;Weihnachtsschmuck;Christbaumschmuck in Form eines Fächers;;um 1915;;;Höhe: 7,60 cm/Breite: 14,50 cm;Die Erfassung dieses Objekts wurde durch die Deutsche Digitale Bibliothek im Rahmen des von der Beauftragten der Bundesregierung für Kultur und Medien (BKM) geförderten Programms NEUSTART KULTUR ermöglicht.;Christbaumschmuck in Form eines Fächers mit einem aufgeklebtem Glanzbild mit einem Porträt (Brustbild) des deutschen Kaisers Wilhelm II.;Glas/Pappe/Papier/Gewebe <Textilien>/Metall;geklebt/Chromolithografie/Prägedruck;"400113; 412620; 400116; 400112; 412619; 400111; 400114; 400115";
GV 32;Populär- und Alltagskultur;Dose;"Herzförmige Blechdose ""Engel der Sixtina""";;um 1900;;;Höhe: 1,10 cm/Breite: 4,40 cm/Tiefe: 4,50 cm;Die Erfassung dieses Objekts wurde durch die Deutsche Digitale Bibliothek im Rahmen des von der Beauftragten der Bundesregierung für Kultur und Medien (BKM) geförderten Programms NEUSTART KULTUR ermöglicht.;Rote Blechdose in Herzform. Dosenaußenseite mit roter Lackierung und polychromem Deckeldekor in Druck- oder Umdrucktechnik. Abgebildet ist die Adaption eines der populären Raffaelengelchen der Sixtinischen Madonna.;"Blech/Weißblech;?";beschichtet/Farbdruck;"392604; 392605; 392607; 392602; 392601; 392600; 392603";
GV 457;Populär- und Alltagskultur;Werbemittel;"Postkartenhalter ""Schuhhaus Jos. Buchwieser""";"Verwendungsort: Garmisch-Partenkirchen <O>;Garmisch";1. Viertel 20. Jahrhundert;;;Höhe: 27,70 cm/Breite: 34,50 cm;Die Erfassung dieses Objekts wurde durch die Deutsche Digitale Bibliothek im Rahmen des von der Beauftragten der Bundesregierung für Kultur und Medien (BKM) geförderten Programms NEUSTART KULTUR ermöglicht.;"Postkartenhalter aus Pappe in Form eines Vogelkäfigs mit einem davor sitzenden Papagei auf der linken Seite. Auf der Tasche eingedruckte Werbung ""Schuhhaus Jos. Buchwieser // Garmisch, am Rathaus [...]"".";"Pappe/Mineral;? Glimmer";"gestanzt/geprägt/gefalzt/bedruckt/Farbdruck;?/bemalt;?/appliziert";"408029; 408026; 408025; 408023; 408022; 408021; 408024; 408030";
GV 492;Populär- und Alltagskultur;Toilettenartikel;Schnurrbartkamm in Form eines weiblichen Beines;;um 1900;;;Höhe: 2,60 cm/Breite: 13,20 cm;Die Erfassung dieses Objekts wurde durch die Deutsche Digitale Bibliothek im Rahmen des von der Beauftragten der Bundesregierung für Kultur und Medien (BKM) geförderten Programms NEUSTART KULTUR ermöglicht.;"Schnurrbartkamm in Form eines weiblichen Beines; das Bein ist mit einem hochhackigen schwarzen Schuh und einem rosa-seidenen Kniestrumpf mit Strumpfband bekleidet.";"Bein <Werkstoff>;?/Kunststoff;?";bemalt;"68238; 412669; 412671";
GV 521;Populär- und Alltagskultur;Bürobedarf;Tintenfass in Form eines Totenkopfes;;um 1900;;;Höhe: 7,20 cm/Breite: 5,50 cm/Tiefe: 7,30 cm;Die Erfassung dieses Objekts wurde durch die Deutsche Digitale Bibliothek im Rahmen des von der Beauftragten der Bundesregierung für Kultur und Medien (BKM) geförderten Programms NEUSTART KULTUR ermöglicht.;Tintenfass in Form eines Totenkopfes. Der Schädel ist mit einer schwarzen Kapuze bekleidet. ;Keramik;bemalt;"67627; 412684; 412685; 412686";
GV 531;Populär- und Alltagskultur;Vase;Vase in Gestell;;Anfang 20. Jahrhundert;;;"Höhe: 32,70 cm;Vase mit Gestell/Durchmesser: 12,80 cm;Maß Durchmesser Vasenbauch/Durchmesser: 10,00 cm;Maß oberer Vasenrand";Die Erfassung dieses Objekts wurde durch die Deutsche Digitale Bibliothek im Rahmen des von der Beauftragten der Bundesregierung für Kultur und Medien (BKM) geförderten Programms NEUSTART KULTUR ermöglicht.;Vase aus grünem Glas in einem vergoldetem Bronzegestell, welches sich in Form von Distelblüten um die Vase schlingt.;"Glas/Bronze/Messing;?";"vergoldet/gegossen;?";"416726; 416724; 416727; 416723; 416720; 416722; 416725; 416720";
GV 54;Populär- und Alltagskultur;Werbemittel;"Werbebild ""Fairbank's Cherubs""";"Verwendungsort: New York;?/Verwendungsort: Chicago;?/Verwendungsort: Stuttgart <Gm>;?";um 1890;;;Höhe: 8,20 cm/Breite: 12,70 cm;Die Erfassung dieses Objekts wurde durch die Deutsche Digitale Bibliothek im Rahmen des von der Beauftragten der Bundesregierung für Kultur und Medien (BKM) geförderten Programms NEUSTART KULTUR ermöglicht.;"Reklamebild der amerikanischen Großfabrik ""N.K. Fairbank & Co."" aus Chicago. Darstellung der 'Fairbank's Cherubs'. Bei den 'Cherubs' handelt es sich um zwei geflügelte Schweinchen, die in Art der beiden populären Raffaelengelchen der Sixtinischen Madonna ";Karton;bedruckt;"418447; 418448; 418449";
GV 548;Populär- und Alltagskultur;Tafelgerät;Doppel-Menage für Essig und Öl;Herstellungsort: Deutschland;um 1900;;;Höhe: 9,70 cm/Breite: 27,00 cm/Tiefe: 6,50 cm;Die Erfassung dieses Objekts wurde durch die Deutsche Digitale Bibliothek im Rahmen des von der Beauftragten der Bundesregierung für Kultur und Medien (BKM) geförderten Programms NEUSTART KULTUR ermöglicht.;Durchsichtige Doppel-Menage für Essig und Öl mit einem Griff aus grünem Glas.;"Glas;? Griff/Kristallglas";;68237;
GV 56;Populär- und Alltagskultur;Heimtextilien;"Brotkorbdecke ""Landes-Gewerbe-Museum-Stuttgart""";Verwendungsort: Stuttgart <O>;um 1900;;;Höhe: 21,30 cm/Breite: 28,80 cm;Die Erfassung dieses Objekts wurde durch die Deutsche Digitale Bibliothek im Rahmen des von der Beauftragten der Bundesregierung für Kultur und Medien (BKM) geförderten Programms NEUSTART KULTUR ermöglicht.;"Brotkorbdecke mit Stickerei in rot auf weißem Stoff. Ansicht des Landesgewerbemuseums Stuttgart mit der Bildunterschrift ""Landes-Gewerbe-Museum. -Stuttgart"".";Leinen/Faden;bestickt;"418409; 418410";
GV 57;Populär- und Alltagskultur;Gegenstand <Andenken>;Gerahmte Ansicht von Stuttgart;Verwendungsort: Stuttgart <Gm>;1. Viertel 20. Jahrhundert;;;Höhe: 15,00 cm/Breite: 13,00 cm;Die Erfassung dieses Objekts wurde durch die Deutsche Digitale Bibliothek im Rahmen des von der Beauftragten der Bundesregierung für Kultur und Medien (BKM) geförderten Programms NEUSTART KULTUR ermöglicht.;"Herzförmiges Holzrähmchen mit fensterartigem Ausschnitt. Im Ausschnitt des Rähmchens Raster-Farbdruck mit Ansicht von Stuttgart (""Stuttgart, total"").";Holz/Papier;gefasst/bedruckt/geklebt;"418494; 418492; 418491; 418493";
GV 58;Populär- und Alltagskultur;Gegenstand <Andenken>;Bastkorb mit Ansicht des Neuen Schlosses Stuttgart;Verwendungsort: Stuttgart <O>;1. Viertel 20. Jahrhundert;;;Höhe: 10,00 cm/Breite: 9,40 cm/Tiefe: 9,10 cm;Die Erfassung dieses Objekts wurde durch die Deutsche Digitale Bibliothek im Rahmen des von der Beauftragten der Bundesregierung für Kultur und Medien (BKM) geförderten Programms NEUSTART KULTUR ermöglicht.;"Kleiner Holzkorb mit Deckel. Auf Vorderseite Kupferplakette, mit der Beschriftung ""Neues Stuttgarter Schloss"" und Ansicht des Neuen Schlosses.";"Pappe/Papier/Peddigrohr;?/Bastfaser/Metall/Holz;?";beklebt/bedruckt/gepresst/verkupfert/gesägt/geschmirgelt/lackiert;"412461; 412463";
GV 59;Populär- und Alltagskultur;Gegenstand <Andenken>;"Kuhglocke ""Stuttgart""";Verwendungsort: Stuttgart <Gm>;1. Viertel 20. Jahrhundert;;;Höhe: 7,50 cm/Breite: 4,70 cm/Tiefe: 4,10 cm;Die Erfassung dieses Objekts wurde durch die Deutsche Digitale Bibliothek im Rahmen des von der Beauftragten der Bundesregierung für Kultur und Medien (BKM) geförderten Programms NEUSTART KULTUR ermöglicht.;"Miniatur-Kuhglocke aus Blech mit aufgemaltem Schwarzwaldhaus und der Inschrift ""Stuttgart"".";Eisenblech/Eisendraht/Eisen;"geschweißt;?/gelötet;?/beschichtet/goldbronziert;?/bemalt";"412462; 412465; 412464";
GV 61;Populär- und Alltagskultur;Gegenstand <Andenken>;"Herzförmige Wandvase ""Stuttgart / Das Neue Rathaus.""";"Herstellungsort: Rödental <O>;Stadtteil Oeslau/Verwendungsort: Stuttgart <O>";um 1925;;Hersteller: Goebel Porzellanmanufaktur, W.;Höhe: 8,40 cm/Breite: 7,70 cm/Tiefe: 3,10 cm;Die Erfassung dieses Objekts wurde durch die Deutsche Digitale Bibliothek im Rahmen des von der Beauftragten der Bundesregierung für Kultur und Medien (BKM) geförderten Programms NEUSTART KULTUR ermöglicht.;"Kleine Wandvase aus Porzellan, deren Außenseite rot glasiert ist.  Auf der Vorderseite Medaillon mit einer Darstellung des neuen Rathauses in Stuttgart und der Inschrift ""Stuttgart / Das neue Rathaus.""";"Steingut;?/Porzellan;?";"glasiert/Umdruck/Kolorierung;?";"418675; 418671; 418669; 418670";
GV 62;Populär- und Alltagskultur;Gegenstand <Andenken>;"Salzstreuer ""Stuttgarter Schlossplatz""";Verwendungsort: Stuttgart <O>;1. Viertel 20. Jahrhundert;;;Höhe: 9,20 cm/Durchmesser: 4,30 cm;Die Erfassung dieses Objekts wurde durch die Deutsche Digitale Bibliothek im Rahmen des von der Beauftragten der Bundesregierung für Kultur und Medien (BKM) geförderten Programms NEUSTART KULTUR ermöglicht.;"Salzstreuer in Form eines schlanken Kegelstumpfes aus Pressglas (Unterteil) und weißem Porzellan (Schraubdeckel).Schauseite des Unterteils mit goldumrandeter ovaler Bildkartusche mit polychromer Ansicht des Stuttgarter Schlossplatzes, mit der Inschrift ""S";"Pressglas/Porzellan;Schraubdeckel";Umdruck/koloriert;"418678; 418691; 418694; 418695; 418689; 418692; 418690";
GV 64 a-b;Populär- und Alltagskultur;Gegenstand <Andenken>;"Sparbüchse ""STUTTGART SCHLOSS"" in Form eines Nagelschuhs mit Schlüssel";Verwendungsort: Stuttgart <O>;1. Viertel 20. Jahrhundert;;;Höhe: 4,80 cm/Breite: 4,00 cm/Tiefe: 11,70 cm;Die Erfassung dieses Objekts wurde durch die Deutsche Digitale Bibliothek im Rahmen des von der Beauftragten der Bundesregierung für Kultur und Medien (BKM) geförderten Programms NEUSTART KULTUR ermöglicht.;"Spardbüchse (GV 64 a) mit Schlüssel (GV 64 b) in Form eines Miniaturschuhs aus hohlgegossenem Britanniametall. In der Schuhöffnung Medaillon mit einer Ansicht des Neuen Schlosses in Stuttgart mit der Inschrift ""STUTTGART SCHLOSS"". Der Schlüssel befindet sich im Innern der Sparbüchse.";"Britannia-Legierung;?; Spardose/Weißblech;?; Schloss/Gusseisen;?; Schlüssel";"versilbert;?/lackiert;?";"418710; 418704; 418706; 418708; 418705; 418709; 418711";
GV 65;Populär- und Alltagskultur;Gegenstand <Andenken>;"Sparbüchse ""Stuttgart. Altes Schloss.""";Verwendungsort: Stuttgart <O>;1. Viertel 20. Jahrhundert;;;Höhe: 8,00 cm/Breite: 11,00 cm/Tiefe: 6,00 cm;Die Erfassung dieses Objekts wurde durch die Deutsche Digitale Bibliothek im Rahmen des von der Beauftragten der Bundesregierung für Kultur und Medien (BKM) geförderten Programms NEUSTART KULTUR ermöglicht.;"Sparschwein aus Porzellan mit einem bunten Bild des alten Schlosses in Stuttgart mit einer Bildinschrift ""Stuttgart. Altes Schloss"". ";Porzellan;"Lüster;Lüsterglasur/Umdruckdekor ;koloriert/goldstaffiert";"65561; 377497; 378226";
GV 66 a-b;Populär- und Alltagskultur;Gegenstand <Andenken>;Sparbüchse in Form des Neuen Rathauses in Stuttgart mit Schlüssel;Verwendungsort: Stuttgart <O>;1. Viertel 20. Jahrhundert;;;Höhe: 11,70 cm/Breite: 9,10 cm/Tiefe: 4,10 cm;Die Erfassung dieses Objekts wurde durch die Deutsche Digitale Bibliothek im Rahmen des von der Beauftragten der Bundesregierung für Kultur und Medien (BKM) geförderten Programms NEUSTART KULTUR ermöglicht.;"Sparbüchse (GV 66 a) aus Zink und Schlüssel (GV 66 b). Die Sparbüchse hat die Form des Neuen Rathauses in Stuttgart mit der Inschrift ""STUTTGART - RATHAUS"". Der Schlüssel befindet sich im Innern der Sparbüchse. ";"Metall/Britannia-Legierung;?/Weißblech;?/Zink;?/Gusseisen;? Schlüssel";"versilbert;?/lackiert";"418680; 418684; 418941; 418687; 418688; 418685; 418686; 418939; ";
GV 74;Populär- und Alltagskultur;Gegenstand <Andenken>;Löffel mit Ansicht von Frankfurt am Main;Verwendungsort: Frankfurt am Main <O>;1. Viertel 20. Jahrhundert;;;Höhe: 0,40 cm/Breite: 2,20 cm/Tiefe: 11,80 cm;Die Erfassung dieses Objekts wurde durch die Deutsche Digitale Bibliothek im Rahmen des von der Beauftragten der Bundesregierung für Kultur und Medien (BKM) geförderten Programms NEUSTART KULTUR ermöglicht.;"Aschenbecher in der Form eines Porzellanschuhs. Auf der Schuhspitze Abbildung des Stuttgarter Rathauses. Aufschrift: ""Gruß aus Stuttgart"", darunter ""Neues Rathaus"". Auf der Schuhöffnung liegt quer eine Zigarre.";"Blech;?/Gelbguß;?/Lack;?";"gepresst/vergoldet;?/beschichtet/Farbdruck/lackiert;?";"419099; 419097; 419095; 419098";
GV 77;Populär- und Alltagskultur;Gegenstand <Andenken>;Anstecknadel mit Stadtansicht von Freudenstadt;Verwendungsort: Freudenstadt <O>;um 1900;;;Höhe: 6,00 cm/Breite: 3,90 cm/Tiefe: 1,10 cm;Die Erfassung dieses Objekts wurde durch die Deutsche Digitale Bibliothek im Rahmen des von der Beauftragten der Bundesregierung für Kultur und Medien (BKM) geförderten Programms NEUSTART KULTUR ermöglicht.;Anstecknadel aus Bein in Pilzform mit einer Stadtansicht von Freudenstadt. ;"Bein <Werkstoff>/Kunststoff;?/Papier;?";"ausgesägt/geschnitzt/bemalt/appliziert;?/geklebt;?";"418945; 418942; 418944; 418946; ";
GV 78 a-d;Populär- und Alltagskultur;Gegenstand <Andenken>;"Schreibset ""Kunnerstein"", bestehend aus Tintenfass und Schreibfeder";"Verwendungsort: Augustusburg <O>;Kunnerstein (Berg)";1. Viertel 20. Jahrhundert;;;Höhe: 4,00 cm/Breite: 11,50 cm/Tiefe: 4,20 cm;Die Erfassung dieses Objekts wurde durch die Deutsche Digitale Bibliothek im Rahmen des von der Beauftragten der Bundesregierung für Kultur und Medien (BKM) geförderten Programms NEUSTART KULTUR ermöglicht.;"Kleines Tintenfass in Form eines Wanderhutes mit eingestecktem Federhalter in Schirmform. Auf der Hutkrempe Inschrift ""Kunnerstein"".";"Weißblech/Kunststoff;Schreibfeder/Stahl;Schreibfeder/Glas;Tintenfass";"lackiert/verchromt;?/vergoldet;?";"419105; 419107; 419113; 419110; 419111; 419114; 419109; 419112; 419106; ";
GV 79;Populär- und Alltagskultur;Gegenstand <Andenken>;"Miniatur-Nachttopf ""Duftende Grüsse!""";Verwendungsort: Maria Taferl;1. Viertel 20. Jahrhundert;;;"Höhe: 2,60 cm/Durchmesser: 3,90 cm;mit Henkel";Die Erfassung dieses Objekts wurde durch die Deutsche Digitale Bibliothek im Rahmen des von der Beauftragten der Bundesregierung für Kultur und Medien (BKM) geförderten Programms NEUSTART KULTUR ermöglicht.;"Kleiner, mit Blumen bemalter Nachttopf aus Porzellan mit den Inschriften ""Duftende / Grüsse!"" und ""Maria Taferl"".";Porzellan;gegossen/Aufglasurmalerei/Kaltmalerei;"418947; 418950; 418951; 418952; 418949; 418953; 418948";
GV 8;Populär- und Alltagskultur;Bild;Gerahmtes Haarbild;Herstellungsort: Deutschland;1. Hälfte 19. Jahrhundert;;;Höhe: 20,90 cm/Breite: 18,00 cm/Tiefe: 3,50 cm;Die Erfassung dieses Objekts wurde durch die Deutsche Digitale Bibliothek im Rahmen des von der Beauftragten der Bundesregierung für Kultur und Medien (BKM) geförderten Programms NEUSTART KULTUR ermöglicht.;"Gerahmtes Haarbild. Motiv: Kreuz auf einem Altar unter einer Trauerweide; bis auf den Baumstamm aus Menschenhaaren teils auf das Glas, teils auf die Rückwand geklebt.";Menschenkopfhaar/Papier/Holz/Glas;gedreht/geklebt/vergoldet;"417105; 417102; 417103; 417104; 417106";
GV 81;Populär- und Alltagskultur;Gegenstand <Andenken>;"Sparbüchse ""Maria Taferl""";Verwendungsort: Maria Taferl;1. Viertel 20. Jahrhundert;;;Höhe: 4,70 cm/Breite: 9,20 cm/Tiefe: 4,00 cm;Die Erfassung dieses Objekts wurde durch die Deutsche Digitale Bibliothek im Rahmen des von der Beauftragten der Bundesregierung für Kultur und Medien (BKM) geförderten Programms NEUSTART KULTUR ermöglicht.;"Sparbüchse in Form eines Schweins mit der Beschriftung ""M. Taferl"".";Porzellan;Aufglasurmalerei/Kaltmalerei;"418960; 418955; 418957; 418956; 418961; 418958";
GV 83;Populär- und Alltagskultur;Gegenstand <Andenken>;"Salzstreuer ""Dessau-Rathaus.""";Verwendungsort: Dessau <O>;1. Viertel 20. Jahrhundert;;;"Höhe: 7,50 cm/Durchmesser: 5,00 cm;Durchmesser des Pilzhutes";Die Erfassung dieses Objekts wurde durch die Deutsche Digitale Bibliothek im Rahmen des von der Beauftragten der Bundesregierung für Kultur und Medien (BKM) geförderten Programms NEUSTART KULTUR ermöglicht.;"Salzstreuer aus Porzellan in Form eines Pilzes mit Gartenzwerg. Auf dem Pilzhut befindet sich eine Ansicht des Dessauer Rathauses mit der Bildunterschrift ""Dessau - Rathaus.""";Porzellan;"gegossen/Aufglasurmalerei/Umdruckverfahren/koloriert;?";"418717; 418715; 418716; 418718; 418713; 418712; 418714; 418719";
GV 84;Populär- und Alltagskultur;Gegenstand <Andenken>;Nadelkissen in Form des Ulmer Spatzen;Verwendungsort: Ulm <O>;um 1900;;;Höhe: 4,50 cm/Breite: 7,00 cm/Tiefe: 2,60 cm;Die Erfassung dieses Objekts wurde durch die Deutsche Digitale Bibliothek im Rahmen des von der Beauftragten der Bundesregierung für Kultur und Medien (BKM) geförderten Programms NEUSTART KULTUR ermöglicht.;Nadelkissen in Form des Ulmer Spatzen aus Zink.;"Metall/Zink;?/Messingdraht/Samt";gegossen/appliziert;"412471; 412472; 412473; 407894; 407899; 407896";
GV 85;Populär- und Alltagskultur;Gegenstand <Andenken>;Aschenbecher in Form einer Schildmütze;Verwendungsort: Marbach am Neckar <Gm>;um 1900;;;Höhe: 2,90 cm/Breite: 10,10 cm/Tiefe: 12,40 cm;Die Erfassung dieses Objekts wurde durch die Deutsche Digitale Bibliothek im Rahmen des von der Beauftragten der Bundesregierung für Kultur und Medien (BKM) geförderten Programms NEUSTART KULTUR ermöglicht.;Aschenbecher in Form einer Schildmütze. Mit  Ansicht des Marbacher Schiller-Geburtshauses. ;Porzellan;gegossen/Umdruckverfahren/goldstaffiert;"412474; 412476; 412475";
GV 86;Populär- und Alltagskultur;Gegenstand <Andenken>;"Miniatur-Staffelei ""Schiller's Geburtshaus""";Verwendungsort: Marbach am Neckar <Gm>;um 1900;;;Höhe: 18,00 cm/Breite: 8,20 cm/Tiefe: 4,60 cm;Die Erfassung dieses Objekts wurde durch die Deutsche Digitale Bibliothek im Rahmen des von der Beauftragten der Bundesregierung für Kultur und Medien (BKM) geförderten Programms NEUSTART KULTUR ermöglicht.;Miniatur einer Salonstaffelei. Mit Ansicht des Marbacher Schiller-Geburtshauses.;Porzellan;"gegossen/Aufglasurmalerei;bunt/Umdruckverfahren";"419121; 419117; 419122; 419120; 419119; 419115; 419118";
GV 87;Populär- und Alltagskultur;Rauchutensilie;Aschenbecher und Zigarettenspitze in einem Etui;Verwendungsort: München <Gm>;1. Viertel 20. Jahrhundert;;;"Höhe: 2,50 cm;Etui/Breite: 10,60 cm;Etui/Tiefe: 11,00 cm;Etui/Durchmesser: 8,00 cm;Aschenbecher/Höhe: 0,50 cm;Aschenbecher/Länge: 8,50 cm;Zigarettenspitze/Durchmesser: 1,00 cm;Zigarettenspitze";Die Erfassung dieses Objekts wurde durch die Deutsche Digitale Bibliothek im Rahmen des von der Beauftragten der Bundesregierung für Kultur und Medien (BKM) geförderten Programms NEUSTART KULTUR ermöglicht.;"Zigarettenspitze und Blechaschenbecher in einem Etui. Mit Ansicht von Feldherrenhalle und Theatinerkirche München und die Inschrift ""München"".";"Messing;? Rauchutensilien/Bein <Werkstoff>;? Zigarettenspitze/Elfenbein <Elefant>;? Zigarettenspitze/Holz;?/Pappe;?/Buntpapier/Textilien/Weißblech";"gegossen;Rauchutensilie/vergoldet;? Rauchutensilie/emailliert;Rauchutensilie/geprägt;Etui";"396253; 396264; 396268; 396263; 396259; 396265; 396267; 396261; 396266; 396258; 396249; 396257; 396255; 396252; 396250; 396262; 396254; 396251; ";
GV 92 a-b;Populär- und Alltagskultur;Gegenstand <Andenken>;"Tintenfass ""St. Wolfgang""";Verwendungsort: St. Wolfgang im Salzkammergut;1. Viertel 20. Jahrhundert;;;Höhe (Gesamthöhe): 8,00 cm/Breite: 10,20 cm/Tiefe: 5,50 cm;Die Erfassung dieses Objekts wurde durch die Deutsche Digitale Bibliothek im Rahmen des von der Beauftragten der Bundesregierung für Kultur und Medien (BKM) geförderten Programms NEUSTART KULTUR ermöglicht.;Schreibset bestehend aus einem Gestell (GV 92 a) und einem Tintenfass (GV 92 b) aus Pressglas. Tintenfass in Form eines Autos mit unterlegtem Fotobild auf dem Kühler. Fotografische Ansicht von St. Wolfgang am Wolfgangsee in Österreich.;"Pressglas/Metall;Tintenfass/Photopapier";bedruckt/montiert;"399912; 399914; 399904; 399898; 399911; 399910; 399909; 399907; 399905; 399901; 399900; 399906; 399915; 399913; 399908; 399903";
GV 93;Populär- und Alltagskultur;Gegenstand <Andenken>;"Nadelkissen ""Partenkirchen""";Verwendungsort: Garmisch-Partenkirchen <Gm>;1. Viertel 20. Jahrhundert;;;Höhe: 4,70 cm/Breite: 6,00 cm/Tiefe: 2,50 cm;Die Erfassung dieses Objekts wurde durch die Deutsche Digitale Bibliothek im Rahmen des von der Beauftragten der Bundesregierung für Kultur und Medien (BKM) geförderten Programms NEUSTART KULTUR ermöglicht.;"Holzgeschnitzte Miniatur eines Berg- oder Skischuhs mit beschlagener Sohle und seitlicher Aufschrift ""Partenkirchen"". ";"Holz/Textilien/Stahl;Nadeln/Glas;Nadeln";"geschnitzt;Nadelkissen/farbig gefasst;Nadelkissen";"418973; 418975; 418977; 418971; 418970; 418972; 418974";
GV 94;Populär- und Alltagskultur;Gegenstand <Andenken>;Sparbüchse in Form des Matterhorns;Verwendungsort: Schweiz;1. Viertel 20. Jahrhundert;;;Höhe: 10,50 cm/Breite: 9,50 cm/Tiefe: 7,80 cm;Die Erfassung dieses Objekts wurde durch die Deutsche Digitale Bibliothek im Rahmen des von der Beauftragten der Bundesregierung für Kultur und Medien (BKM) geförderten Programms NEUSTART KULTUR ermöglicht.;"Sparbüchse aus Ton in Form des Matterhorns im Alpenglühen mit eingeprägter Inschrift ""Matterhorn 4505 m"". ";Ton <Geologie>;Hohlguss/bemalt;"420469; 420467; 420464; 420463; 420466; 420468; 420462";
GV 95;Populär- und Alltagskultur;Gegenstand <Andenken>;Bierzipfel mit Miniatur-Maßkrug;Verwendungsort: München <O>;1. Viertel 20. Jahrhundert;;;Länge: 9,90 cm/Breite: 2,00 cm;Die Erfassung dieses Objekts wurde durch die Deutsche Digitale Bibliothek im Rahmen des von der Beauftragten der Bundesregierung für Kultur und Medien (BKM) geförderten Programms NEUSTART KULTUR ermöglicht.;Bierzipfel mit blau-weißem Ripsband, an dem ein Miniatur-Maßkrug mit einer Darstellung des Münchner Kindls hängt.;Ripsband/Zinn/Eisenblech;"appliziert/bemalt/verzinnt;?/verchromt;?";"395414; 395415; 395417; 395410; 395408; 395413; 395412";
GV 96;Populär- und Alltagskultur;Gegenstand <Andenken>;Gefäß für Senf, Salz und Pfeffer;Verwendungsort: München <O>;1. Viertel 20. Jahrhundert;;;Höhe: 6,00 cm/Breite: 12,50 cm/Tiefe: 7,30 cm;Die Erfassung dieses Objekts wurde durch die Deutsche Digitale Bibliothek im Rahmen des von der Beauftragten der Bundesregierung für Kultur und Medien (BKM) geförderten Programms NEUSTART KULTUR ermöglicht.;"Dreiteilige Menage für Senf, Salz und Pfeffer in Form eines Miniatur-Klosetts mit zwei Nachttöpfen in Sanitärweiß. . Auf dem Deckel des Klosetts Inschrift ""München"" ";"Porzellan/Holz/Buchenholz;?/Draht";"gegossen/Aufglasurmalerei/Umdruck;golden/Schablonenkolorierung";"412479; 412477; 412478";
GV 97;Populär- und Alltagskultur;Gegenstand <Andenken>;"Nadelkissen und Haltevorrichtung für einen Fingerhut ""Gruss aus München""";Verwendungsort: München <O>;1. Viertel 20. Jahrhundert;;;Höhe: 16,00 cm/Breite: 7,90 cm/Tiefe: 9,00 cm;Die Erfassung dieses Objekts wurde durch die Deutsche Digitale Bibliothek im Rahmen des von der Beauftragten der Bundesregierung für Kultur und Medien (BKM) geförderten Programms NEUSTART KULTUR ermöglicht.;Staffelei, gebildet aus einem Paar Skiern und einem Skistock. Auf der Scheibe sind zwei bemalte Holzpantinen angebracht, in denen sich ein Nadelkissen und ein Fingerhut befinden. Auf einem darunter befindlichen Brett wurde in Brandmalerei-Technik die Insc;"Holz/Lindenholz;?/Textilien/Aluminium;Fingerhut";"appliziert/Holzbrandtechnik/bemalt/gepresst;? Fingerhut";"396273; 396278; 396282; 396279; 396281; 396280; 396269; 396270; 396277; 396275; 396274; 396272";
GV 99;Populär- und Alltagskultur;Gegenstand <Andenken>;Taschenmesser;Herstellungsort: Solingen <O>/Verwendungsort: Schweiz;1. Viertel 20. Jahrhundert;;Hersteller: Joseph Feist/ Hersteller: Omegawerke Solingen;"Länge: 10,00 cm;mit ausgeklappter Klinge/Breite: 3,00 cm";Die Erfassung dieses Objekts wurde durch die Deutsche Digitale Bibliothek im Rahmen des von der Beauftragten der Bundesregierung für Kultur und Medien (BKM) geförderten Programms NEUSTART KULTUR ermöglicht.;Kleines Taschenmesser mit einzelner Klinge in figürlichem Aluminiumheft. Das Heft hat die Form eines sterbenden Löwens.;"Blech;?/Aluminium;? Heft/Stahl;?";"gegossen;?/verchromt;?";"392650; 392654; 392657; 392649; 392653; 392651; 392655; 392652";
GV 11;Populär- und Alltagskultur;Kreuz;Kruzifix;;;;;Höhe: 33,00 cm/Breite: 15,50 cm/Tiefe: 8,50 cm;Die Erfassung dieses Objekts wurde durch die Deutsche Digitale Bibliothek im Rahmen des von der Beauftragten der Bundesregierung für Kultur und Medien (BKM) geförderten Programms NEUSTART KULTUR ermöglicht.;Corpus Christi auf einem Holzkreuz, das mit kleinen Muscheln, Schneckenhäuschen und blauen, roten und grünen Perlen vollbesteckt ist.;Holz/Muschel/Schneckenhaus/Masse;geklebt/gegossen;"412437; 412438; 412439; 276687; 276686";
GV 435;Populär- und Alltagskultur;Accessoire;Puppensessel;;;;;Höhe: 12,70 cm/Breite: 8,50 cm/Tiefe: 9,70 cm;Die Erfassung dieses Objekts wurde durch die Deutsche Digitale Bibliothek im Rahmen des von der Beauftragten der Bundesregierung für Kultur und Medien (BKM) geförderten Programms NEUSTART KULTUR ermöglicht.;Ockerfarbener Puppensessel als Uhrenhalter, dessen Seiten mit kleinen Muscheln bestückt sind. Unter der Sitzfläche befindet sich eine Schublade. ;Pappe/Textilien/Muschel/Metall;geklebt;"400576; 400571; 400574; 400575; 400570; 400568; 400569; 400573; 400577";
GV 580;Populär- und Alltagskultur;Handarbeit;Blumenstrauß mit Blumen aus Menschenhaaren;Herstellungsort: Leipzig <O>;1842;;;Höhe: 29,00 cm/Breite: 13,00 cm;Die Erfassung dieses Objekts wurde durch die Deutsche Digitale Bibliothek im Rahmen des von der Beauftragten der Bundesregierung für Kultur und Medien (BKM) geförderten Programms NEUSTART KULTUR ermöglicht.;Blumenstrauß aus verschiedenfarbigen menschlichen Haaren. Die verschiedenen Blüten und Ähren wurden über einem Drahtgeflecht gefertigt.;"Menschenkopfhaar/Draht/Perle;?/Glas;Glasperle ?";gebogen/geflochten;"420516; 420522; 420519; 420518; 420520; 420521; 420514; 420515; 420517";
GV 198;Populär- und Alltagskultur;Nussknacker;Nussknacker mit Zeppelinkopf;;nach 1900;;;"Höhe: 4,50 cm;Maße des auf der Seite liegenden Objektes erfasst/Breite: 21,50 cm/Tiefe: 7,50 cm";Die Erfassung dieses Objekts wurde durch die Deutsche Digitale Bibliothek im Rahmen des von der Beauftragten der Bundesregierung für Kultur und Medien (BKM) geförderten Programms NEUSTART KULTUR ermöglicht.;Nussknacker aus Holz mit Zeppelinkopf. Zu sehen ist ein Kopf, der Graf Zeppelin darstellt.;Holz;gedrechselt/geschnitzt;"396296; 396300; 396294; 396298; 396301; 396292; 396291; 396293; 396295";
GV 341;Populär- und Alltagskultur;Kleidung;"Hosenträger ""Vorwärts / Hurra!""";;um 1900;;;Breite: 37,00 cm/Länge: 76,50 cm;Die Erfassung dieses Objekts wurde durch die Deutsche Digitale Bibliothek im Rahmen des von der Beauftragten der Bundesregierung für Kultur und Medien (BKM) geförderten Programms NEUSTART KULTUR ermöglicht.;"Hosenträger aus gewebtem braunem Stoff mit gesticktem Muster bestehend aus einem Soldaten in blau-roter Uniform, der eine schwarz-weiß-rote Fahne schwingt. Mit der Aufschrift: """"Vorwärts / Hurra!"". An den Metallschließen ist jeweils das Porträt eines geistlichen Würdenträgers zu sehen. ";Textilien/Leder/Metall;gewebt/gestickt/genäht;"395677; 395675; 395679; 395681";
GV 437;Populär- und Alltagskultur;Schmucknadel;Ansteckblüte aus Gurkenkernen;;;;;Durchmesser: 4,80 cm/Länge: 5,50 cm;Die Erfassung dieses Objekts wurde durch die Deutsche Digitale Bibliothek im Rahmen des von der Beauftragten der Bundesregierung für Kultur und Medien (BKM) geförderten Programms NEUSTART KULTUR ermöglicht.;Kleine Ansteckblüte, deren Blütenblätter aus Gurkenkernen bestehen. ;"Pflanzliches Material/Papier/Draht/Faden/Wolle;?/Gestein;?";geklebt/gewickelt;"400587; 400592; 400591; 400590; 400588; 400586; 400589";
GV 438;Populär- und Alltagskultur;Schmucknadel;Ansteckblüte aus Reiskörnern;;;;;Länge: 10,00 cm/Tiefe: 6,50 cm;Die Erfassung dieses Objekts wurde durch die Deutsche Digitale Bibliothek im Rahmen des von der Beauftragten der Bundesregierung für Kultur und Medien (BKM) geförderten Programms NEUSTART KULTUR ermöglicht.;Kleine Ansteckblüte, bestehend aus drei Blüten, deren Blütenblätter aus Reiskörnern bestehen.;Pflanzliches Material/Pappe/Papier/Draht/Faden;geklebt/Marmorierung/gewickelt;"400600; 400595; 400601; 400599; 400596; 400594; 400597";
GV 490;Populär- und Alltagskultur;Tafelgerät;Taschenzahnstocher;;;;;Höhe: 0,40 cm/Breite: 6,00 cm/Tiefe: 4,50 cm;Die Erfassung dieses Objekts wurde durch die Deutsche Digitale Bibliothek im Rahmen des von der Beauftragten der Bundesregierung für Kultur und Medien (BKM) geförderten Programms NEUSTART KULTUR ermöglicht.;"Taschenzahnstocher aus Schildpatt und Bein. Er hat die Form eines Storches. Die Füße sind in Form von Schuhen mit hohen Absätzen. 
";"Schildpatt/Bein <Werkstoff>/Metall;Nieten";geschnitten;"411211; 411209; 411208; 411206; 411205; 411204; 411207";
GV 459;Populär- und Alltagskultur;Toilettenartikel;"Toilettenpapier ""Jodler""";;1. Viertel 20. Jahrhundert;;;Höhe: 12,00 cm/Durchmesser: 12,80 cm;Die Erfassung dieses Objekts wurde durch die Deutsche Digitale Bibliothek im Rahmen des von der Beauftragten der Bundesregierung für Kultur und Medien (BKM) geförderten Programms NEUSTART KULTUR ermöglicht.;"Klopapierrolle der Marke ""Jodler"" mit Papierbanderole. ";Papier/Pappe;gerollt/Farbdruck/geklebt;"403568; 403565; 403564; 403569; 403566";
GV 491;Populär- und Alltagskultur;Accessoire;Tanzkarte;Verwendungsort: Wien;1878;;;"Höhe: 2,50 cm/Breite: 5,90 cm/Tiefe: 13,70 cm;mit Kette und Haken";Die Erfassung dieses Objekts wurde durch die Deutsche Digitale Bibliothek im Rahmen des von der Beauftragten der Bundesregierung für Kultur und Medien (BKM) geförderten Programms NEUSTART KULTUR ermöglicht.;Tanzkarte in Kofferform mit Kette zum Aufhängen. Die Tanzkarte ist für eine Veranstaltung des Vereins österreichisch-ungarischer Geschäftsreisender am 08. Januar 1878 in Wien. ;Pappe/Leder/Leinen/Papier/Textilien/Spiegelglas;bedruckt/geklebt;"415849; 415845; 415842; 415847; 415846; 415844; 415841; 415848; 415850; 415851";
GV 626 b;Populär- und Alltagskultur;Wandteller;Wandteller aus Pappe;Herstellungsort: Deutschland;Anfang 20. Jahrhundert;;;Durchmesser: 27,30 cm;Die Erfassung dieses Objekts wurde durch die Deutsche Digitale Bibliothek im Rahmen des von der Beauftragten der Bundesregierung für Kultur und Medien (BKM) geförderten Programms NEUSTART KULTUR ermöglicht.;Wandteller aus Pappe, der Holzbrand nachahmt. Im Spiegel Mädchenbrustbild, umrahmt von Klatschmohn und Hafer. Der Rand hingegen wird aus dreidimensional gestalteten Efeublättern gebildet, die überlappend angebracht wurden. ;Pappe/Papier;Farbdruck/geprägt/geklebt;"403412; 403415; 403414; 403410; 403411";
GV 472;Populär- und Alltagskultur;Briefbeschwerer;Briefbeschwerer;;;;;Höhe: 5,50 cm/Breite: 15,50 cm/Tiefe: 11,00 cm;Die Erfassung dieses Objekts wurde durch die Deutsche Digitale Bibliothek im Rahmen des von der Beauftragten der Bundesregierung für Kultur und Medien (BKM) geförderten Programms NEUSTART KULTUR ermöglicht.;Briefbeschwerer aus Porzellan in Form eines zusammengelegten und durchbrochenen, weißen Strumpfes mit Garnknäuel und Nadelbüchsen, vergoldeten Enden und Blüten.;Porzellan;"bemalt/golddekoriert;?/goldstaffiert";"410673; 410675; 410676; 410680; 410677; 410678; 410674";
GV 465;Populär- und Alltagskultur;Aschenbecher;Aschenbecher in Herzform;;;;;Höhe: 10,10 cm/Breite: 10,80 cm/Tiefe: 12,90 cm;Die Erfassung dieses Objekts wurde durch die Deutsche Digitale Bibliothek im Rahmen des von der Beauftragten der Bundesregierung für Kultur und Medien (BKM) geförderten Programms NEUSTART KULTUR ermöglicht.;Aschenbecher in Form eines roten Herzens mit kleinem Jungen in alpiner Tracht.;Porzellan;bemalt;"403514; 403513; 403516; 403519; 403515; 403512; 403517";
GV 478;Populär- und Alltagskultur;Teegeschirr;Tee-Ei in Form eines Schwanes;;;;;"Höhe: 5,80 cm/Breite: 6,00 cm/Tiefe: 4,00 cm/Länge: 8,80 cm;Länge Metallkette sichtbar";Die Erfassung dieses Objekts wurde durch die Deutsche Digitale Bibliothek im Rahmen des von der Beauftragten der Bundesregierung für Kultur und Medien (BKM) geförderten Programms NEUSTART KULTUR ermöglicht.;"Tee-Ei in Form eines Schwans aus weißem und bemaltem Porzellan und mit einem Metallkettchen. 
";Porzellan/Metall;bemalt;;
GV 471;Populär- und Alltagskultur;Briefbeschwerer;Briefbeschwerer;;;;;Höhe: 7,50 cm/Breite: 14,00 cm/Tiefe: 7,50 cm;Die Erfassung dieses Objekts wurde durch die Deutsche Digitale Bibliothek im Rahmen des von der Beauftragten der Bundesregierung für Kultur und Medien (BKM) geförderten Programms NEUSTART KULTUR ermöglicht.;"Briefbeschwerer aus einer apfelgrünen hellen Achatplatte mit aufmontiertem Stilleben aus Silber.
";Achat/Silber;;"403556; 403555; 403561; 403560; 403557; 403554; 403558; 403562; 403559";
GV 493;Populär- und Alltagskultur;Tafelgerät;Messerbänkchen;;;;;Höhe: 2,80 cm/Breite: 8,20 cm/Tiefe: 4,60 cm;Die Erfassung dieses Objekts wurde durch die Deutsche Digitale Bibliothek im Rahmen des von der Beauftragten der Bundesregierung für Kultur und Medien (BKM) geförderten Programms NEUSTART KULTUR ermöglicht.;Messerbänkchen aus vernickeltem Eisen. Die Seitenteile haben die Form von je einem Dackelhund. ;Eisen;"vernickelt/geprägt;?";"415855; 415859; 415856; 415858; 415861; 415854; 415853; 415852; 415860";
GV 488;Populär- und Alltagskultur;Rauchutensilie;"Zündholzhalter ""Mensch, ärgere Dich nicht!""";Verwendungsort: München <O>;;;;Höhe: 7,50 cm/Breite: 7,20 cm/Tiefe: 4,30 cm;Die Erfassung dieses Objekts wurde durch die Deutsche Digitale Bibliothek im Rahmen des von der Beauftragten der Bundesregierung für Kultur und Medien (BKM) geförderten Programms NEUSTART KULTUR ermöglicht.;"Zündholzhalter aus Porzellan in Form eines telefonierenden Männerkopfes mit der Aufschrift ""Mensch, ärgere Dich nicht!"".";Porzellan;bemalt;"411225; 411223; 411220; 411224; 411219; 411221; 411222";
GV 499;Populär- und Alltagskultur;Bürste;Taschenbürste;;;;;Höhe: 3,50 cm/Breite: 9,80 cm/Tiefe: 1,90 cm;Die Erfassung dieses Objekts wurde durch die Deutsche Digitale Bibliothek im Rahmen des von der Beauftragten der Bundesregierung für Kultur und Medien (BKM) geförderten Programms NEUSTART KULTUR ermöglicht.;Kleine Taschenbürste, dessen Griff die Form eines samtüberzogenen Dackels hat. ;"Holz/Samt/Glas;? Auge";gebohrt/geschnitten/geklebt;"416291; 416287; 416290; 416285; 416284; 416283; 416286";
GV 528;Populär- und Alltagskultur;Tasse;Tasse mit Vollmondgesicht;;;;;"Höhe: 7,80 cm/Durchmesser: 12,30 cm;mit Henkel";Die Erfassung dieses Objekts wurde durch die Deutsche Digitale Bibliothek im Rahmen des von der Beauftragten der Bundesregierung für Kultur und Medien (BKM) geförderten Programms NEUSTART KULTUR ermöglicht.;Tasse aus weißem Steingut in Form eines Vollmondgesichtes mit blauen Augen, das rosa bemalt wurde.;Steingut / Scherben / Weiß;bemalt;"411044; 411039; 411043; 411042; 411037; 411040; 411038";
GV 545 a-h;Populär- und Alltagskultur;Geschirr <Hausrat>;Schnapsservice, bestehend aus einer Flasche mit Deckel und sechs Becher;Herstellungsort: Deutschland;;;;"Höhe: 18,60 cm;Flasche mit Deckel/Breite: 5,70 cm;Flasche/Tiefe: 7,40 cm;Flasche/Durchmesser: 3,20 cm;Becher/Höhe: 3,30 cm;Becher";Die Erfassung dieses Objekts wurde durch die Deutsche Digitale Bibliothek im Rahmen des von der Beauftragten der Bundesregierung für Kultur und Medien (BKM) geförderten Programms NEUSTART KULTUR ermöglicht.;7-teiliges Schnapsservice, bestehend aus einer Flasche mit Deckel in Form eines sitzenden Affens sowie drei gelb glasierten und drei rot glasierten Bechern.;Keramik;glasiert/bemalt;"416446; 416451; 416443; 416450; 416447; 416445; 416459; 416449; 416448; 416458; 416456; 416462; 416457; 416453; 416461; 416460; 416454; 416444";
GV 562;Populär- und Alltagskultur;Fliese;Fliese aus Metallblech;;;;;Höhe: 1,20 cm/Breite: 19,70 cm/Tiefe: 19,70 cm;Die Erfassung dieses Objekts wurde durch die Deutsche Digitale Bibliothek im Rahmen des von der Beauftragten der Bundesregierung für Kultur und Medien (BKM) geförderten Programms NEUSTART KULTUR ermöglicht.;Fliese aus Blech, rot, gelb, schwarz und weiß bemalt. Fayence soll vorgetäuscht werden. ;Blech;gebogen/bemalt;"417765; 417768; 417769; 417766";
GV 559;Populär- und Alltagskultur;Vase;Vase mit Doppelhenkel;;;;;Höhe: 7,00 cm/Durchmesser: 7,70 cm;Die Erfassung dieses Objekts wurde durch die Deutsche Digitale Bibliothek im Rahmen des von der Beauftragten der Bundesregierung für Kultur und Medien (BKM) geförderten Programms NEUSTART KULTUR ermöglicht.;"Tonvase mit Doppelhenkel. Fälschung eines antiken Grabungsfundes. 
";Ton <Geologie>;bemalt;"417750; 417757; 417751; 417752; 417754; 417753";
GV 322;Populär- und Alltagskultur;Geldbörse;Geldtasche;;;;;"Höhe: 7,00 cm/Breite: 8,00 cm/Tiefe: 1,00 cm;leicht geöffnet";Die Erfassung dieses Objekts wurde durch die Deutsche Digitale Bibliothek im Rahmen des von der Beauftragten der Bundesregierung für Kultur und Medien (BKM) geförderten Programms NEUSTART KULTUR ermöglicht.;"Geldbörse mit Motiv. Auf weißem Grund schwarz, weiß und rotes Band und der Text ""GOTT / MIT UNS"". ";"Glas;? Perlen/Metall/Textilien";Perlenstickerei;"410606; 410609; 410604; 410608; 410607; 410611; 410612; 410613";
GV 442;Populär- und Alltagskultur;Schmuck;Ansteckbrosche;;;;;Höhe: 5,20 cm/Breite: 2,20 cm;Die Erfassung dieses Objekts wurde durch die Deutsche Digitale Bibliothek im Rahmen des von der Beauftragten der Bundesregierung für Kultur und Medien (BKM) geförderten Programms NEUSTART KULTUR ermöglicht.;Ansteckbrosche in Form eines Eichelzweigs aus Silber. Die Eicheln sind aus tierischem Material. ;Silber/Tierisches Material;geformt;"412658; 412659";
;;;;;;;;;;;;;;
;;;;;;;;;;;;;;
;;;;;;;;;;;;;;
;;;;;;;;;;;;;;
;;;;;;;;;;;;;;
;;;;;;;;;;;;;;
;;;;;;;;;;;;;;
;;;;;;;;;;;;;;
;;;;;;;;;;;;;;
;;;;;;;;;;;;;;
;;;;;;;;;;;;;;
;;;;;;;;;;;;;;
;;;;;;;;;;;;;;
;;;;;;;;;;;;;;
;;;;;;;;;;;;;;
;;;;;;;;;;;;;;
;;;;;;;;;;;;;;
;;;;;;;;;;;;;;
;;;;;;;;;;;;;;
;;;;;;;;;;;;;;
;;;;;;;;;;;;;;
;;;;;;;;;;;;;;
;;;;;;;;;;;;;;
;;;;;;;;;;;;;;
;;;;;;;;;;;;;;
;;;;;;;;;;;;;;
;;;;;;;;;;;;;;
;;;;;;;;;;;;;;
;;;;;;;;;;;;;;
;;;;;;;;;;;;;;
;;;;;;;;;;;;;;
;;;;;;;;;;;;;;
;;;;;;;;;;;;;;
;;;;;;;;;;;;;;
;;;;;;;;;;;;;;
;;;;;;;;;;;;;;
;;;;;;;;;;;;;;
;;;;;;;;;;;;;;
;;;;;;;;;;;;;;
;;;;;;;;;;;;;;
